provincia,cantón,área_de_residencia,asiste_actualmente_a_la_educación_regular_o_formal?,numero_total_de_personas,ninguno,centro_de_desarrollo_infantil/creciendo_con_nuestros_hijos/guardería,número_total_de_personas_que_asisten_o_asistieron_a_educación_inicial,número_total_de_personas_que_asisten_o_asistieron_a_alfabetización,número_total_de_personas_que_asisten_o_asistieron_a_educación_general_básica,número_total_de_personas_que_asisten_o_asistieron_a_bachillerato,número_total_de_personas_que_asisten_o_asistieron_a_ciclo_postbachillerato,número_total_de_personas_que_asisten_o_asistieron_a_educación_técnica_o_tecnológica,número_total_de_personas_que_asisten_o_asistieron_a_educación_superior,número_total_de_personas_que_asisten_o_asistieron_a_maestría/posgrado,número_total_de_personas_que_asisten_o_asistieron_a_phd/doctorado
AZUAY,Cuenca,Urbana,Asiste,116444,0.0,1934.0,5880.0,24.0,52853,17499,409.0,1726.0,35622.0,457.0,40.0
AZUAY,Cuenca,Urbana,No asiste,245080,16346.0,263.0,394.0,206.0,58645,78016,1238.0,5191.0,66189.0,17210.0,1382.0
AZUAY,Cuenca,Rural,Asiste,78733,0.0,2148.0,4630.0,43.0,43423,13795,304.0,1119.0,13134.0,123.0,14.0
AZUAY,Cuenca,Rural,No asiste,155844,17353.0,259.0,300.0,642.0,66537,47158,577.0,1955.0,17653.0,3212.0,198.0
AZUAY,Girón,Urbana,Asiste,1451,0.0,37.0,84.0,0.0,849,253,3.0,22.0,201.0,2.0,0.0
AZUAY,Girón,Urbana,No asiste,2902,270.0,11.0,4.0,13.0,1175,992,13.0,54.0,310.0,58.0,2.0
AZUAY,Girón,Rural,Asiste,2180,0.0,109.0,85.0,6.0,1436,415,5.0,17.0,107.0,0.0,0.0
AZUAY,Girón,Rural,No asiste,5649,603.0,25.0,11.0,105.0,3404,1225,4.0,33.0,205.0,32.0,2.0
AZUAY,Gualaceo,Urbana,Asiste,4672,0.0,158.0,288.0,2.0,2642,783,18.0,55.0,710.0,13.0,3.0
AZUAY,Gualaceo,Urbana,No asiste,9171,862.0,18.0,14.0,39.0,3300,3096,29.0,139.0,1385.0,272.0,17.0
AZUAY,Gualaceo,Rural,Asiste,9404,0.0,618.0,570.0,8.0,5643,1733,52.0,69.0,708.0,3.0,0.0
AZUAY,Gualaceo,Rural,No asiste,19941,2706.0,85.0,34.0,171.0,10551,5252,32.0,123.0,875.0,108.0,4.0
AZUAY,Nabón,Urbana,Asiste,399,0.0,8.0,25.0,0.0,224,72,1.0,3.0,66.0,0.0,0.0
AZUAY,Nabón,Urbana,No asiste,877,85.0,4.0,0.0,13.0,314,291,3.0,24.0,115.0,27.0,1.0
AZUAY,Nabón,Rural,Asiste,3765,0.0,267.0,143.0,0.0,2249,876,7.0,18.0,203.0,2.0,0.0
AZUAY,Nabón,Rural,No asiste,9735,1698.0,68.0,26.0,190.0,5104,2398,8.0,29.0,178.0,36.0,0.0
AZUAY,Paute,Urbana,Asiste,3034,0.0,97.0,156.0,1.0,1559,594,19.0,38.0,568.0,2.0,0.0
AZUAY,Paute,Urbana,No asiste,5732,515.0,5.0,9.0,23.0,1856,2129,30.0,74.0,936.0,147.0,8.0
AZUAY,Paute,Rural,Asiste,5332,0.0,188.0,289.0,7.0,3139,1067,33.0,69.0,536.0,3.0,1.0
AZUAY,Paute,Rural,No asiste,12684,1796.0,53.0,44.0,117.0,6700,3198,37.0,75.0,589.0,70.0,5.0
AZUAY,Pucará,Urbana,Asiste,249,0.0,4.0,13.0,0.0,151,51,1.0,0.0,29.0,0.0,0.0
AZUAY,Pucará,Urbana,No asiste,606,97.0,1.0,5.0,0.0,273,175,2.0,3.0,40.0,10.0,0.0
AZUAY,Pucará,Rural,Asiste,2752,0.0,195.0,129.0,4.0,1732,517,3.0,15.0,157.0,0.0,0.0
AZUAY,Pucará,Rural,No asiste,6086,1085.0,38.0,17.0,65.0,3258,1452,4.0,27.0,127.0,13.0,0.0
AZUAY,San Fernando,Urbana,Asiste,428,0.0,26.0,37.0,0.0,208,97,1.0,5.0,54.0,0.0,0.0
AZUAY,San Fernando,Urbana,No asiste,979,49.0,8.0,4.0,3.0,437,309,9.0,21.0,121.0,18.0,0.0
AZUAY,San Fernando,Rural,Asiste,622,0.0,32.0,41.0,0.0,367,131,2.0,6.0,41.0,2.0,0.0
AZUAY,San Fernando,Rural,No asiste,1709,167.0,12.0,1.0,13.0,1000,388,6.0,19.0,91.0,12.0,0.0
AZUAY,Santa Isabel,Urbana,Asiste,2007,0.0,65.0,137.0,3.0,1168,348,5.0,33.0,245.0,3.0,0.0
AZUAY,Santa Isabel,Urbana,No asiste,4187,357.0,27.0,7.0,13.0,1546,1421,19.0,110.0,585.0,100.0,2.0
AZUAY,Santa Isabel,Rural,Asiste,4142,0.0,199.0,194.0,1.0,2679,797,15.0,28.0,224.0,3.0,2.0
AZUAY,Santa Isabel,Rural,No asiste,10417,1448.0,45.0,44.0,115.0,5781,2423,23.0,109.0,396.0,31.0,2.0
AZUAY,Sígsig,Urbana,Asiste,1257,0.0,54.0,83.0,3.0,802,194,7.0,6.0,105.0,3.0,0.0
AZUAY,Sígsig,Urbana,No asiste,2772,186.0,16.0,3.0,37.0,960,986,13.0,21.0,473.0,76.0,1.0
AZUAY,Sígsig,Rural,Asiste,6384,0.0,477.0,286.0,6.0,3948,1225,17.0,43.0,378.0,4.0,0.0
AZUAY,Sígsig,Rural,No asiste,14579,1872.0,111.0,40.0,344.0,8229,3421,14.0,60.0,420.0,66.0,2.0
AZUAY,Oña,Urbana,Asiste,320,0.0,8.0,20.0,0.0,174,57,2.0,2.0,55.0,2.0,0.0
AZUAY,Oña,Urbana,No asiste,669,48.0,10.0,3.0,7.0,239,244,2.0,18.0,88.0,10.0,0.0
AZUAY,Oña,Rural,Asiste,699,0.0,26.0,34.0,0.0,391,178,2.0,8.0,59.0,1.0,0.0
AZUAY,Oña,Rural,No asiste,1734,246.0,17.0,5.0,27.0,837,497,5.0,12.0,74.0,12.0,2.0
AZUAY,Chordeleg,Urbana,Asiste,1453,0.0,52.0,86.0,0.0,828,238,5.0,12.0,229.0,3.0,0.0
AZUAY,Chordeleg,Urbana,No asiste,2992,276.0,3.0,6.0,10.0,1212,944,6.0,34.0,434.0,65.0,2.0
AZUAY,Chordeleg,Rural,Asiste,2313,0.0,194.0,144.0,3.0,1482,344,12.0,13.0,120.0,1.0,0.0
AZUAY,Chordeleg,Rural,No asiste,5439,808.0,11.0,13.0,49.0,3330,1039,20.0,13.0,147.0,9.0,0.0
AZUAY,El Pan,Urbana,Asiste,150,0.0,5.0,5.0,0.0,85,26,0.0,2.0,27.0,0.0,0.0
AZUAY,El Pan,Urbana,No asiste,353,19.0,0.0,1.0,5.0,117,143,3.0,9.0,46.0,10.0,0.0
AZUAY,El Pan,Rural,Asiste,586,0.0,23.0,20.0,0.0,333,115,5.0,9.0,81.0,0.0,0.0
AZUAY,El Pan,Rural,No asiste,1687,191.0,4.0,13.0,18.0,968,372,6.0,14.0,92.0,9.0,0.0
AZUAY,Sevilla de Oro,Urbana,Asiste,235,0.0,3.0,10.0,0.0,132,43,5.0,7.0,35.0,0.0,0.0
AZUAY,Sevilla de Oro,Urbana,No asiste,497,29.0,3.0,1.0,8.0,191,159,10.0,6.0,71.0,19.0,0.0
AZUAY,Sevilla de Oro,Rural,Asiste,1174,0.0,52.0,54.0,1.0,676,244,2.0,13.0,131.0,1.0,0.0
AZUAY,Sevilla de Oro,Rural,No asiste,2707,257.0,11.0,5.0,17.0,1394,820,9.0,26.0,134.0,32.0,2.0
AZUAY,Guachapala,Urbana,Asiste,380,0.0,5.0,27.0,0.0,201,60,2.0,9.0,75.0,1.0,0.0
AZUAY,Guachapala,Urbana,No asiste,830,78.0,0.0,4.0,3.0,326,289,6.0,10.0,106.0,8.0,0.0
AZUAY,Guachapala,Rural,Asiste,698,0.0,15.0,37.0,0.0,404,140,1.0,6.0,94.0,1.0,0.0
AZUAY,Guachapala,Rural,No asiste,1678,199.0,2.0,2.0,21.0,810,520,4.0,11.0,89.0,19.0,1.0
AZUAY,Camilo Ponce Enríquez,Urbana,Asiste,3259,0.0,131.0,229.0,2.0,1892,538,8.0,45.0,413.0,1.0,0.0
AZUAY,Camilo Ponce Enríquez,Urbana,No asiste,6756,855.0,48.0,25.0,14.0,2244,2731,10.0,105.0,658.0,64.0,2.0
AZUAY,Camilo Ponce Enríquez,Rural,Asiste,4006,0.0,181.0,249.0,0.0,2515,712,22.0,41.0,286.0,0.0,0.0
AZUAY,Camilo Ponce Enríquez,Rural,No asiste,8789,1366.0,50.0,34.0,23.0,3693,3089,21.0,73.0,412.0,27.0,1.0
BOLIVAR,Guaranda,Urbana,Asiste,11482,0.0,230.0,527.0,3.0,4775,1678,35.0,183.0,4035.0,13.0,3.0
BOLIVAR,Guaranda,Urbana,No asiste,19273,1589.0,78.0,49.0,44.0,3794,5159,110.0,589.0,6229.0,1513.0,119.0
BOLIVAR,Guaranda,Rural,Asiste,24078,0.0,1286.0,902.0,13.0,13720,4628,33.0,314.0,3173.0,8.0,1.0
BOLIVAR,Guaranda,Rural,No asiste,43297,10714.0,307.0,157.0,926.0,16181,11120,39.0,611.0,2852.0,373.0,17.0
BOLIVAR,Chillanes,Urbana,Asiste,1024,0.0,13.0,57.0,0.0,536,169,1.0,16.0,232.0,0.0,0.0
BOLIVAR,Chillanes,Urbana,No asiste,2227,275.0,4.0,7.0,4.0,586,709,7.0,65.0,488.0,80.0,2.0
BOLIVAR,Chillanes,Rural,Asiste,4694,0.0,115.0,173.0,2.0,2834,1069,3.0,38.0,460.0,0.0,0.0
BOLIVAR,Chillanes,Rural,No asiste,11857,2070.0,35.0,33.0,104.0,5466,3408,15.0,122.0,568.0,33.0,3.0
BOLIVAR,Chimbo,Urbana,Asiste,1450,0.0,33.0,59.0,0.0,644,281,2.0,33.0,392.0,5.0,1.0
BOLIVAR,Chimbo,Urbana,No asiste,2904,211.0,5.0,8.0,2.0,699,813,7.0,92.0,885.0,182.0,0.0
BOLIVAR,Chimbo,Rural,Asiste,3526,0.0,42.0,125.0,0.0,1826,700,10.0,49.0,774.0,0.0,0.0
BOLIVAR,Chimbo,Rural,No asiste,7644,1117.0,15.0,18.0,61.0,3603,1881,26.0,100.0,742.0,77.0,4.0
BOLIVAR,Echeandía,Urbana,Asiste,2255,0.0,51.0,131.0,2.0,1222,405,9.0,21.0,413.0,1.0,0.0
BOLIVAR,Echeandía,Urbana,No asiste,4883,615.0,9.0,19.0,35.0,1425,1756,10.0,84.0,850.0,75.0,5.0
BOLIVAR,Echeandía,Rural,Asiste,2127,0.0,30.0,115.0,4.0,1266,405,4.0,10.0,293.0,0.0,0.0
BOLIVAR,Echeandía,Rural,No asiste,5389,931.0,9.0,11.0,76.0,2253,1625,5.0,60.0,388.0,30.0,1.0
BOLIVAR,San Miguel,Urbana,Asiste,2926,0.0,38.0,149.0,1.0,1363,491,15.0,36.0,824.0,9.0,0.0
BOLIVAR,San Miguel,Urbana,No asiste,5880,485.0,6.0,9.0,5.0,1002,1393,71.0,193.0,2319.0,374.0,23.0
BOLIVAR,San Miguel,Rural,Asiste,5498,0.0,102.0,191.0,0.0,3020,1122,20.0,102.0,940.0,1.0,0.0
BOLIVAR,San Miguel,Rural,No asiste,14045,1926.0,35.0,28.0,83.0,6280,3751,36.0,291.0,1449.0,158.0,8.0
BOLIVAR,Caluma,Urbana,Asiste,2538,0.0,55.0,170.0,0.0,1386,449,12.0,37.0,425.0,4.0,0.0
BOLIVAR,Caluma,Urbana,No asiste,5346,591.0,12.0,15.0,9.0,1406,1906,26.0,123.0,1113.0,141.0,4.0
BOLIVAR,Caluma,Rural,Asiste,2206,0.0,39.0,118.0,0.0,1288,495,0.0,18.0,248.0,0.0,0.0
BOLIVAR,Caluma,Rural,No asiste,5517,717.0,4.0,13.0,28.0,2400,1752,13.0,60.0,498.0,30.0,2.0
BOLIVAR,Las Naves,Urbana,Asiste,606,0.0,16.0,37.0,0.0,342,101,1.0,9.0,100.0,0.0,0.0
BOLIVAR,Las Naves,Urbana,No asiste,1378,138.0,8.0,2.0,7.0,444,491,3.0,39.0,220.0,25.0,1.0
BOLIVAR,Las Naves,Rural,Asiste,1449,0.0,92.0,74.0,1.0,851,277,1.0,24.0,128.0,1.0,0.0
BOLIVAR,Las Naves,Rural,No asiste,3579,449.0,26.0,11.0,18.0,1569,1242,3.0,47.0,206.0,8.0,0.0
CANAR,Azogues,Urbana,Asiste,12252,0.0,468.0,753.0,4.0,5787,1911,55.0,172.0,3056.0,43.0,3.0
CANAR,Azogues,Urbana,No asiste,23511,1545.0,62.0,31.0,43.0,5809,7018,173.0,664.0,6124.0,1952.0,90.0
CANAR,Azogues,Rural,Asiste,12626,0.0,819.0,821.0,3.0,6862,2063,68.0,179.0,1790.0,19.0,2.0
CANAR,Azogues,Rural,No asiste,26126,3009.0,127.0,66.0,168.0,12488,6472,97.0,463.0,2531.0,662.0,43.0
CANAR,Biblián,Urbana,Asiste,1894,0.0,94.0,128.0,0.0,925,287,4.0,34.0,413.0,9.0,0.0
CANAR,Biblián,Urbana,No asiste,3834,315.0,5.0,5.0,7.0,1349,1111,27.0,97.0,719.0,193.0,6.0
CANAR,Biblián,Rural,Asiste,4359,0.0,320.0,230.0,0.0,2401,770,17.0,46.0,568.0,7.0,0.0
CANAR,Biblián,Rural,No asiste,8765,1512.0,38.0,19.0,77.0,4550,1816,17.0,117.0,548.0,70.0,1.0
CANAR,Cañar,Urbana,Asiste,4498,0.0,151.0,251.0,1.0,2167,775,12.0,49.0,1069.0,21.0,2.0
CANAR,Cañar,Urbana,No asiste,8650,664.0,23.0,14.0,50.0,2194,2373,33.0,348.0,2447.0,488.0,16.0
CANAR,Cañar,Rural,Asiste,12284,0.0,794.0,747.0,9.0,7504,2021,21.0,67.0,1111.0,10.0,0.0
CANAR,Cañar,Rural,No asiste,26718,5587.0,118.0,100.0,429.0,13067,5429,27.0,265.0,1532.0,158.0,6.0
CANAR,La Troncal,Urbana,Asiste,13496,0.0,664.0,959.0,3.0,7940,2319,54.0,145.0,1401.0,10.0,1.0
CANAR,La Troncal,Urbana,No asiste,26104,3337.0,100.0,92.0,58.0,10008,8727,115.0,523.0,2646.0,478.0,20.0
CANAR,La Troncal,Rural,Asiste,7332,0.0,330.0,597.0,1.0,4523,1154,8.0,48.0,665.0,5.0,1.0
CANAR,La Troncal,Rural,No asiste,15171,2189.0,63.0,57.0,52.0,6512,4750,46.0,200.0,1141.0,153.0,8.0
CANAR,El Tambo,Urbana,Asiste,1895,0.0,104.0,100.0,0.0,1059,315,2.0,17.0,294.0,1.0,3.0
CANAR,El Tambo,Urbana,No asiste,3307,380.0,18.0,9.0,42.0,1134,936,16.0,85.0,593.0,92.0,2.0
CANAR,El Tambo,Rural,Asiste,1450,0.0,113.0,91.0,3.0,821,266,0.0,11.0,143.0,2.0,0.0
CANAR,El Tambo,Rural,No asiste,2633,492.0,12.0,1.0,54.0,1193,650,1.0,19.0,185.0,24.0,2.0
CANAR,Déleg,Urbana,Asiste,194,0.0,12.0,10.0,0.0,97,34,2.0,1.0,38.0,0.0,0.0
CANAR,Déleg,Urbana,No asiste,451,37.0,2.0,2.0,0.0,156,148,2.0,10.0,78.0,16.0,0.0
CANAR,Déleg,Rural,Asiste,1655,0.0,95.0,119.0,6.0,963,320,2.0,21.0,129.0,0.0,0.0
CANAR,Déleg,Rural,No asiste,3746,587.0,21.0,5.0,39.0,1834,980,16.0,47.0,188.0,26.0,3.0
CANAR,Suscal,Urbana,Asiste,298,0.0,16.0,21.0,0.0,151,59,0.0,2.0,49.0,0.0,0.0
CANAR,Suscal,Urbana,No asiste,714,133.0,1.0,5.0,13.0,221,215,1.0,10.0,105.0,10.0,0.0
CANAR,Suscal,Rural,Asiste,1076,0.0,101.0,72.0,0.0,658,167,2.0,4.0,71.0,1.0,0.0
CANAR,Suscal,Rural,No asiste,2539,937.0,24.0,9.0,31.0,951,507,5.0,17.0,55.0,3.0,0.0
CARCHI,Tulcán,Urbana,Asiste,17680,0.0,364.0,933.0,5.0,8772,3114,91.0,493.0,3862.0,42.0,4.0
CARCHI,Tulcán,Urbana,No asiste,39039,2587.0,72.0,72.0,46.0,12600,12714,123.0,1422.0,7940.0,1386.0,77.0
CARCHI,Tulcán,Rural,Asiste,10379,0.0,229.0,538.0,1.0,6389,1792,46.0,171.0,1204.0,7.0,2.0
CARCHI,Tulcán,Rural,No asiste,25277,3741.0,64.0,106.0,64.0,12902,6302,52.0,381.0,1516.0,143.0,6.0
CARCHI,Bolívar,Urbana,Asiste,974,0.0,21.0,69.0,0.0,515,197,5.0,25.0,141.0,1.0,0.0
CARCHI,Bolívar,Urbana,No asiste,2403,115.0,7.0,7.0,3.0,1141,755,10.0,66.0,267.0,31.0,1.0
CARCHI,Bolívar,Rural,Asiste,3448,0.0,87.0,225.0,0.0,1982,737,11.0,73.0,331.0,2.0,0.0
CARCHI,Bolívar,Rural,No asiste,8852,809.0,56.0,18.0,26.0,4848,2492,12.0,157.0,397.0,35.0,2.0
CARCHI,Espejo,Urbana,Asiste,1644,0.0,59.0,122.0,0.0,822,288,6.0,37.0,309.0,1.0,0.0
CARCHI,Espejo,Urbana,No asiste,3537,240.0,4.0,4.0,5.0,1097,1266,30.0,123.0,681.0,85.0,2.0
CARCHI,Espejo,Rural,Asiste,2690,0.0,123.0,167.0,0.0,1427,524,5.0,61.0,383.0,0.0,0.0
CARCHI,Espejo,Rural,No asiste,6651,558.0,18.0,23.0,23.0,3284,2107,5.0,108.0,493.0,32.0,0.0
CARCHI,Mira,Urbana,Asiste,1110,0.0,31.0,66.0,0.0,500,204,5.0,40.0,263.0,1.0,0.0
CARCHI,Mira,Urbana,No asiste,2581,113.0,0.0,4.0,3.0,819,817,11.0,85.0,619.0,103.0,7.0
CARCHI,Mira,Rural,Asiste,2318,0.0,73.0,137.0,0.0,1323,517,9.0,45.0,212.0,1.0,1.0
CARCHI,Mira,Rural,No asiste,6718,796.0,27.0,19.0,46.0,3696,1674,21.0,128.0,270.0,39.0,2.0
CARCHI,Montúfar,Urbana,Asiste,4452,0.0,137.0,263.0,3.0,2330,745,18.0,100.0,850.0,6.0,0.0
CARCHI,Montúfar,Urbana,No asiste,10045,777.0,43.0,34.0,27.0,3464,3080,30.0,365.0,1962.0,248.0,15.0
CARCHI,Montúfar,Rural,Asiste,4322,0.0,170.0,216.0,0.0,2443,809,56.0,66.0,561.0,1.0,0.0
CARCHI,Montúfar,Rural,No asiste,10771,785.0,39.0,27.0,23.0,6204,2769,15.0,142.0,714.0,52.0,1.0
CARCHI,San Pedro de Huaca,Urbana,Asiste,1392,0.0,23.0,107.0,3.0,752,219,8.0,26.0,253.0,1.0,0.0
CARCHI,San Pedro de Huaca,Urbana,No asiste,3100,251.0,3.0,12.0,9.0,1341,968,5.0,64.0,396.0,50.0,1.0
CARCHI,San Pedro de Huaca,Rural,Asiste,1006,0.0,36.0,53.0,0.0,559,189,9.0,17.0,143.0,0.0,0.0
CARCHI,San Pedro de Huaca,Rural,No asiste,2439,186.0,1.0,8.0,11.0,1414,616,4.0,30.0,152.0,17.0,0.0
COTOPAXI,Latacunga,Urbana,Asiste,25272,0.0,382.0,1238.0,1.0,12038,4173,135.0,513.0,6693.0,90.0,9.0
COTOPAXI,Latacunga,Urbana,No asiste,51995,4748.0,65.0,109.0,123.0,11194,15365,426.0,2358.0,13998.0,3383.0,226.0
COTOPAXI,Latacunga,Rural,Asiste,47428,0.0,1479.0,2294.0,110.0,26227,8997,146.0,1169.0,6964.0,38.0,4.0
COTOPAXI,Latacunga,Rural,No asiste,92566,13223.0,347.0,240.0,1083.0,36605,28184,329.0,2826.0,8529.0,1134.0,66.0
COTOPAXI,La Maná,Urbana,Asiste,10908,0.0,358.0,467.0,10.0,6252,1981,22.0,187.0,1620.0,11.0,0.0
COTOPAXI,La Maná,Urbana,No asiste,20832,2933.0,126.0,67.0,57.0,7008,7092,41.0,393.0,2722.0,379.0,14.0
COTOPAXI,La Maná,Rural,Asiste,7224,0.0,290.0,250.0,3.0,4226,1451,19.0,112.0,862.0,10.0,1.0
COTOPAXI,La Maná,Rural,No asiste,14829,2431.0,81.0,56.0,154.0,6504,4282,17.0,167.0,1036.0,96.0,5.0
COTOPAXI,Pangua,Urbana,Asiste,554,0.0,14.0,24.0,0.0,286,125,0.0,2.0,103.0,0.0,0.0
COTOPAXI,Pangua,Urbana,No asiste,1318,163.0,12.0,1.0,4.0,359,428,12.0,26.0,265.0,48.0,0.0
COTOPAXI,Pangua,Rural,Asiste,5793,0.0,253.0,193.0,4.0,3403,1396,17.0,53.0,472.0,2.0,0.0
COTOPAXI,Pangua,Rural,No asiste,14202,2540.0,52.0,41.0,135.0,6548,4065,18.0,86.0,656.0,59.0,2.0
COTOPAXI,Pujilí,Urbana,Asiste,5551,0.0,114.0,276.0,1.0,2780,983,32.0,93.0,1255.0,17.0,0.0
COTOPAXI,Pujilí,Urbana,No asiste,10601,1104.0,34.0,48.0,52.0,2278,3162,170.0,445.0,2775.0,500.0,33.0
COTOPAXI,Pujilí,Rural,Asiste,16591,0.0,454.0,561.0,28.0,9653,3665,68.0,263.0,1888.0,11.0,0.0
COTOPAXI,Pujilí,Rural,No asiste,34237,9280.0,146.0,106.0,777.0,12079,8909,53.0,563.0,2064.0,255.0,5.0
COTOPAXI,Salcedo,Urbana,Asiste,5351,0.0,94.0,274.0,3.0,2703,849,24.0,117.0,1274.0,12.0,1.0
COTOPAXI,Salcedo,Urbana,No asiste,11400,991.0,23.0,21.0,17.0,2870,3533,54.0,493.0,2865.0,506.0,27.0
COTOPAXI,Salcedo,Rural,Asiste,15645,0.0,699.0,792.0,4.0,8517,2948,112.0,364.0,2197.0,12.0,0.0
COTOPAXI,Salcedo,Rural,No asiste,35097,4575.0,161.0,93.0,585.0,16672,8797,92.0,884.0,2862.0,352.0,24.0
COTOPAXI,Saquisilí,Urbana,Asiste,3350,0.0,79.0,141.0,1.0,1766,609,5.0,67.0,675.0,7.0,0.0
COTOPAXI,Saquisilí,Urbana,No asiste,6533,805.0,13.0,13.0,34.0,1808,2204,22.0,234.0,1223.0,168.0,9.0
COTOPAXI,Saquisilí,Rural,Asiste,4686,0.0,239.0,172.0,1.0,2675,957,10.0,73.0,557.0,2.0,0.0
COTOPAXI,Saquisilí,Rural,No asiste,9787,1987.0,36.0,17.0,401.0,3920,2670,7.0,174.0,526.0,48.0,1.0
COTOPAXI,Sigchos,Urbana,Asiste,1032,0.0,25.0,40.0,0.0,575,186,16.0,31.0,159.0,0.0,0.0
COTOPAXI,Sigchos,Urbana,No asiste,1784,299.0,3.0,2.0,15.0,600,513,4.0,66.0,238.0,41.0,3.0
COTOPAXI,Sigchos,Rural,Asiste,5209,0.0,128.0,107.0,3.0,3242,1214,12.0,64.0,434.0,4.0,1.0
COTOPAXI,Sigchos,Rural,No asiste,10435,3053.0,55.0,53.0,219.0,4252,2393,9.0,68.0,295.0,37.0,1.0
CHIMBORAZO,Riobamba,Urbana,Asiste,62905,0.0,1181.0,3356.0,13.0,26781,9483,240.0,1903.0,19729.0,202.0,17.0
CHIMBORAZO,Riobamba,Urbana,No asiste,114308,7880.0,176.0,181.0,161.0,22117,32700,772.0,6195.0,33531.0,9658.0,937.0
CHIMBORAZO,Riobamba,Rural,Asiste,27843,0.0,1167.0,1621.0,16.0,14305,5288,146.0,1031.0,4243.0,24.0,2.0
CHIMBORAZO,Riobamba,Rural,No asiste,55826,9894.0,195.0,228.0,1489.0,21641,14225,160.0,1962.0,5116.0,850.0,66.0
CHIMBORAZO,Alausí,Urbana,Asiste,2063,0.0,69.0,130.0,2.0,1085,423,15.0,86.0,249.0,4.0,0.0
CHIMBORAZO,Alausí,Urbana,No asiste,4008,518.0,17.0,6.0,12.0,1033,1311,13.0,222.0,748.0,125.0,3.0
CHIMBORAZO,Alausí,Rural,Asiste,10337,0.0,471.0,659.0,7.0,6599,1965,25.0,123.0,484.0,4.0,0.0
CHIMBORAZO,Alausí,Rural,No asiste,20867,5864.0,118.0,114.0,636.0,8712,4730,11.0,191.0,437.0,50.0,4.0
CHIMBORAZO,Colta,Urbana,Asiste,938,0.0,24.0,65.0,0.0,496,145,3.0,22.0,180.0,3.0,0.0
CHIMBORAZO,Colta,Urbana,No asiste,1847,186.0,2.0,4.0,14.0,568,500,11.0,93.0,411.0,55.0,3.0
CHIMBORAZO,Colta,Rural,Asiste,7320,0.0,298.0,422.0,13.0,4009,1570,26.0,166.0,810.0,5.0,1.0
CHIMBORAZO,Colta,Rural,No asiste,20363,5713.0,57.0,138.0,1127.0,7649,4218,16.0,389.0,976.0,73.0,7.0
CHIMBORAZO,Chambo,Urbana,Asiste,1894,0.0,85.0,128.0,0.0,899,288,5.0,93.0,389.0,6.0,1.0
CHIMBORAZO,Chambo,Urbana,No asiste,3568,231.0,8.0,11.0,15.0,1094,1082,46.0,246.0,678.0,147.0,10.0
CHIMBORAZO,Chambo,Rural,Asiste,2734,0.0,114.0,196.0,3.0,1414,475,18.0,171.0,343.0,0.0,0.0
CHIMBORAZO,Chambo,Rural,No asiste,5235,779.0,21.0,18.0,70.0,2334,1374,36.0,209.0,319.0,66.0,9.0
CHIMBORAZO,Chunchi,Urbana,Asiste,1256,0.0,55.0,85.0,0.0,677,238,16.0,36.0,149.0,0.0,0.0
CHIMBORAZO,Chunchi,Urbana,No asiste,2543,312.0,12.0,3.0,18.0,886,816,19.0,62.0,346.0,66.0,3.0
CHIMBORAZO,Chunchi,Rural,Asiste,2176,0.0,123.0,134.0,4.0,1392,365,15.0,19.0,123.0,1.0,0.0
CHIMBORAZO,Chunchi,Rural,No asiste,4660,1058.0,28.0,27.0,89.0,2441,845,13.0,31.0,111.0,14.0,3.0
CHIMBORAZO,Guamote,Urbana,Asiste,1078,0.0,37.0,66.0,0.0,604,191,4.0,25.0,150.0,1.0,0.0
CHIMBORAZO,Guamote,Urbana,No asiste,1998,275.0,8.0,14.0,8.0,642,661,3.0,97.0,254.0,35.0,1.0
CHIMBORAZO,Guamote,Rural,Asiste,11381,0.0,647.0,646.0,15.0,6956,2416,22.0,85.0,591.0,3.0,0.0
CHIMBORAZO,Guamote,Rural,No asiste,21312,4930.0,116.0,150.0,1631.0,8934,5008,55.0,152.0,316.0,16.0,4.0
CHIMBORAZO,Guano,Urbana,Asiste,3039,0.0,80.0,205.0,2.0,1342,568,6.0,80.0,754.0,2.0,0.0
CHIMBORAZO,Guano,Urbana,No asiste,6097,467.0,11.0,18.0,9.0,2227,1631,32.0,274.0,1183.0,213.0,32.0
CHIMBORAZO,Guano,Rural,Asiste,13314,0.0,704.0,793.0,23.0,6765,2566,31.0,446.0,1970.0,15.0,1.0
CHIMBORAZO,Guano,Rural,No asiste,25877,3065.0,154.0,100.0,181.0,11388,6972,58.0,958.0,2392.0,559.0,50.0
CHIMBORAZO,Pallatanga,Urbana,Asiste,1428,0.0,53.0,79.0,4.0,807,276,10.0,34.0,164.0,1.0,0.0
CHIMBORAZO,Pallatanga,Urbana,No asiste,2838,414.0,25.0,9.0,13.0,1062,916,7.0,61.0,291.0,37.0,3.0
CHIMBORAZO,Pallatanga,Rural,Asiste,2371,0.0,112.0,116.0,2.0,1501,479,1.0,29.0,130.0,1.0,0.0
CHIMBORAZO,Pallatanga,Rural,No asiste,5159,990.0,54.0,15.0,163.0,2344,1329,13.0,42.0,181.0,28.0,0.0
CHIMBORAZO,Penipe,Urbana,Asiste,475,0.0,21.0,27.0,1.0,227,119,0.0,18.0,62.0,0.0,0.0
CHIMBORAZO,Penipe,Urbana,No asiste,942,155.0,2.0,2.0,1.0,304,295,2.0,21.0,135.0,24.0,1.0
CHIMBORAZO,Penipe,Rural,Asiste,1461,0.0,70.0,81.0,1.0,756,307,11.0,48.0,185.0,2.0,0.0
CHIMBORAZO,Penipe,Rural,No asiste,3870,399.0,14.0,9.0,21.0,1967,1030,8.0,103.0,273.0,38.0,8.0
CHIMBORAZO,Cumandá,Urbana,Asiste,3997,0.0,147.0,269.0,2.0,2246,775,5.0,39.0,512.0,2.0,0.0
CHIMBORAZO,Cumandá,Urbana,No asiste,7445,927.0,29.0,27.0,12.0,2232,3133,18.0,147.0,826.0,91.0,3.0
CHIMBORAZO,Cumandá,Rural,Asiste,1635,0.0,68.0,68.0,3.0,975,362,9.0,20.0,129.0,1.0,0.0
CHIMBORAZO,Cumandá,Rural,No asiste,3525,514.0,10.0,9.0,13.0,1533,1198,15.0,44.0,172.0,17.0,0.0
EL ORO,Machala,Urbana,Asiste,91785,0.0,4647.0,5535.0,28.0,46073,14909,303.0,1433.0,18722.0,124.0,11.0
EL ORO,Machala,Urbana,No asiste,196287,15448.0,849.0,538.0,164.0,57360,73575,965.0,4593.0,37594.0,4867.0,334.0
EL ORO,Machala,Rural,Asiste,5607,0.0,320.0,406.0,5.0,3118,959,13.0,97.0,686.0,1.0,2.0
EL ORO,Machala,Rural,No asiste,12630,1463.0,91.0,51.0,19.0,5528,4331,18.0,175.0,900.0,51.0,3.0
EL ORO,Arenillas,Urbana,Asiste,6982,0.0,376.0,450.0,0.0,3767,1228,6.0,110.0,1042.0,3.0,0.0
EL ORO,Arenillas,Urbana,No asiste,14542,1135.0,60.0,52.0,10.0,4928,5554,29.0,383.0,2158.0,225.0,8.0
EL ORO,Arenillas,Rural,Asiste,3156,0.0,243.0,209.0,1.0,1748,585,2.0,40.0,326.0,2.0,0.0
EL ORO,Arenillas,Rural,No asiste,7686,682.0,34.0,16.0,3.0,3753,2585,14.0,113.0,439.0,44.0,3.0
EL ORO,Atahualpa,Urbana,Asiste,552,0.0,25.0,54.0,0.0,267,83,2.0,7.0,113.0,1.0,0.0
EL ORO,Atahualpa,Urbana,No asiste,1217,64.0,6.0,2.0,0.0,446,433,6.0,18.0,217.0,23.0,2.0
EL ORO,Atahualpa,Rural,Asiste,1263,0.0,81.0,78.0,0.0,641,205,3.0,10.0,243.0,2.0,0.0
EL ORO,Atahualpa,Rural,No asiste,3080,188.0,22.0,10.0,3.0,1708,887,2.0,25.0,199.0,36.0,0.0
EL ORO,Balsas,Urbana,Asiste,1518,0.0,68.0,102.0,0.0,852,256,1.0,6.0,233.0,0.0,0.0
EL ORO,Balsas,Urbana,No asiste,2982,190.0,8.0,8.0,10.0,994,1277,6.0,31.0,420.0,34.0,4.0
EL ORO,Balsas,Rural,Asiste,1024,0.0,43.0,66.0,0.0,610,191,1.0,6.0,107.0,0.0,0.0
EL ORO,Balsas,Rural,No asiste,2351,188.0,8.0,7.0,2.0,1173,809,2.0,22.0,130.0,10.0,0.0
EL ORO,Chilla,Urbana,Asiste,305,0.0,15.0,10.0,0.0,155,47,0.0,3.0,75.0,0.0,0.0
EL ORO,Chilla,Urbana,No asiste,605,61.0,3.0,1.0,0.0,229,197,0.0,17.0,83.0,14.0,0.0
EL ORO,Chilla,Rural,Asiste,406,0.0,21.0,21.0,1.0,242,83,1.0,0.0,37.0,0.0,0.0
EL ORO,Chilla,Rural,No asiste,935,127.0,6.0,1.0,4.0,519,247,2.0,3.0,23.0,2.0,1.0
EL ORO,El Guabo,Urbana,Asiste,8286,0.0,262.0,566.0,1.0,4710,1374,22.0,174.0,1168.0,8.0,1.0
EL ORO,El Guabo,Urbana,No asiste,18349,2018.0,86.0,66.0,22.0,6393,6740,132.0,351.0,2335.0,199.0,7.0
EL ORO,El Guabo,Rural,Asiste,10310,0.0,569.0,693.0,10.0,6220,1717,46.0,111.0,942.0,2.0,0.0
EL ORO,El Guabo,Rural,No asiste,22591,2945.0,209.0,87.0,26.0,10076,7502,140.0,324.0,1201.0,79.0,2.0
EL ORO,Huaquillas,Urbana,Asiste,17854,0.0,991.0,1061.0,7.0,9998,3246,28.0,227.0,2284.0,10.0,2.0
EL ORO,Huaquillas,Urbana,No asiste,38167,3533.0,242.0,138.0,40.0,14012,15476,88.0,751.0,3551.0,320.0,16.0
EL ORO,Huaquillas,Rural,Asiste,42,0.0,2.0,4.0,0.0,22,6,0.0,0.0,8.0,0.0,0.0
EL ORO,Huaquillas,Rural,No asiste,240,23.0,0.0,1.0,0.0,139,69,0.0,1.0,6.0,1.0,0.0
EL ORO,Marcabelí,Urbana,Asiste,1546,0.0,77.0,110.0,1.0,841,269,4.0,12.0,232.0,0.0,0.0
EL ORO,Marcabelí,Urbana,No asiste,3427,290.0,11.0,15.0,3.0,1307,1272,4.0,49.0,401.0,75.0,0.0
EL ORO,Marcabelí,Rural,Asiste,534,0.0,24.0,40.0,0.0,302,92,0.0,1.0,75.0,0.0,0.0
EL ORO,Marcabelí,Rural,No asiste,1363,118.0,8.0,5.0,5.0,751,396,0.0,6.0,67.0,7.0,0.0
EL ORO,Pasaje,Urbana,Asiste,18819,0.0,903.0,1131.0,3.0,9689,3170,38.0,207.0,3654.0,23.0,1.0
EL ORO,Pasaje,Urbana,No asiste,41328,3389.0,162.0,111.0,66.0,13166,15620,124.0,937.0,6915.0,798.0,40.0
EL ORO,Pasaje,Rural,Asiste,7325,0.0,420.0,453.0,0.0,3860,1292,7.0,89.0,1202.0,2.0,0.0
EL ORO,Pasaje,Rural,No asiste,16125,1761.0,77.0,74.0,66.0,7093,5530,22.0,240.0,1179.0,76.0,7.0
EL ORO,Piñas,Urbana,Asiste,5594,0.0,246.0,370.0,0.0,2939,978,13.0,72.0,971.0,5.0,0.0
EL ORO,Piñas,Urbana,No asiste,12888,766.0,48.0,30.0,11.0,3963,4991,45.0,318.0,2325.0,370.0,21.0
EL ORO,Piñas,Rural,Asiste,2902,0.0,189.0,137.0,1.0,1630,514,0.0,20.0,411.0,0.0,0.0
EL ORO,Piñas,Rural,No asiste,8022,524.0,47.0,24.0,32.0,4471,2293,13.0,77.0,488.0,51.0,2.0
EL ORO,Portovelo,Urbana,Asiste,2932,0.0,199.0,224.0,0.0,1596,544,16.0,50.0,301.0,2.0,0.0
EL ORO,Portovelo,Urbana,No asiste,6832,527.0,39.0,17.0,3.0,2312,2945,65.0,143.0,682.0,94.0,5.0
EL ORO,Portovelo,Rural,Asiste,1026,0.0,59.0,63.0,1.0,600,200,4.0,9.0,89.0,1.0,0.0
EL ORO,Portovelo,Rural,No asiste,2766,268.0,9.0,3.0,24.0,1388,865,6.0,31.0,159.0,12.0,1.0
EL ORO,Santa Rosa,Urbana,Asiste,18077,0.0,1034.0,1168.0,4.0,9707,2961,52.0,265.0,2874.0,11.0,1.0
EL ORO,Santa Rosa,Urbana,No asiste,38765,3235.0,185.0,138.0,42.0,11935,14115,160.0,1101.0,7092.0,724.0,38.0
EL ORO,Santa Rosa,Rural,Asiste,7165,0.0,516.0,498.0,1.0,4027,1166,25.0,95.0,833.0,4.0,0.0
EL ORO,Santa Rosa,Rural,No asiste,16292,1488.0,81.0,51.0,32.0,7257,5423,59.0,318.0,1443.0,132.0,8.0
EL ORO,Zaruma,Urbana,Asiste,2790,0.0,95.0,158.0,1.0,1547,558,10.0,29.0,388.0,4.0,0.0
EL ORO,Zaruma,Urbana,No asiste,7215,460.0,40.0,12.0,7.0,2059,3113,17.0,146.0,1165.0,185.0,11.0
EL ORO,Zaruma,Rural,Asiste,4057,0.0,327.0,177.0,2.0,2283,738,5.0,31.0,490.0,3.0,1.0
EL ORO,Zaruma,Rural,No asiste,10312,958.0,98.0,20.0,89.0,5219,3052,17.0,93.0,642.0,119.0,5.0
EL ORO,Las Lajas,Urbana,Asiste,462,0.0,15.0,23.0,0.0,235,101,0.0,6.0,82.0,0.0,0.0
EL ORO,Las Lajas,Urbana,No asiste,1119,113.0,1.0,0.0,1.0,397,421,1.0,27.0,151.0,7.0,0.0
EL ORO,Las Lajas,Rural,Asiste,1157,0.0,68.0,92.0,0.0,637,173,1.0,8.0,178.0,0.0,0.0
EL ORO,Las Lajas,Rural,No asiste,3000,246.0,11.0,8.0,11.0,1478,990,5.0,34.0,196.0,20.0,1.0
ESMERALDAS,Esmeraldas,Urbana,Asiste,57739,0.0,1721.0,3654.0,10.0,30168,9216,227.0,1160.0,11516.0,59.0,8.0
ESMERALDAS,Esmeraldas,Urbana,No asiste,97748,10821.0,330.0,254.0,62.0,21311,37258,351.0,2337.0,21667.0,3134.0,223.0
ESMERALDAS,Esmeraldas,Rural,Asiste,20858,0.0,708.0,1318.0,6.0,12474,3644,64.0,227.0,2405.0,11.0,1.0
ESMERALDAS,Esmeraldas,Rural,No asiste,35503,5973.0,187.0,140.0,62.0,12719,12061,70.0,386.0,3343.0,521.0,41.0
ESMERALDAS,Eloy Alfaro,Urbana,Asiste,1872,0.0,122.0,173.0,0.0,1010,372,4.0,21.0,169.0,1.0,0.0
ESMERALDAS,Eloy Alfaro,Urbana,No asiste,3084,460.0,43.0,20.0,3.0,912,1306,5.0,48.0,272.0,15.0,0.0
ESMERALDAS,Eloy Alfaro,Rural,Asiste,15050,0.0,875.0,848.0,13.0,9504,2917,59.0,75.0,757.0,2.0,0.0
ESMERALDAS,Eloy Alfaro,Rural,No asiste,26299,5856.0,282.0,120.0,58.0,10224,8427,72.0,208.0,983.0,69.0,0.0
ESMERALDAS,Muisne,Urbana,Asiste,1798,0.0,99.0,144.0,0.0,1076,315,8.0,22.0,133.0,1.0,0.0
ESMERALDAS,Muisne,Urbana,No asiste,3776,526.0,33.0,16.0,3.0,1343,1429,10.0,29.0,354.0,32.0,1.0
ESMERALDAS,Muisne,Rural,Asiste,10505,0.0,402.0,673.0,10.0,7067,1776,20.0,33.0,523.0,1.0,0.0
ESMERALDAS,Muisne,Rural,No asiste,20347,4231.0,138.0,91.0,17.0,9027,6098,41.0,73.0,595.0,35.0,1.0
ESMERALDAS,Quinindé,Urbana,Asiste,11037,0.0,616.0,610.0,0.0,5985,2039,24.0,226.0,1527.0,9.0,1.0
ESMERALDAS,Quinindé,Urbana,No asiste,20083,2481.0,156.0,103.0,18.0,5700,8283,118.0,406.0,2448.0,352.0,18.0
ESMERALDAS,Quinindé,Rural,Asiste,30626,0.0,1190.0,1409.0,11.0,19643,5700,69.0,268.0,2322.0,13.0,1.0
ESMERALDAS,Quinindé,Rural,No asiste,65095,11826.0,198.0,273.0,128.0,28764,20557,235.0,479.0,2349.0,270.0,16.0
ESMERALDAS,San Lorenzo,Urbana,Asiste,10714,0.0,533.0,801.0,16.0,6428,2096,31.0,159.0,644.0,6.0,0.0
ESMERALDAS,San Lorenzo,Urbana,No asiste,17777,2857.0,260.0,84.0,46.0,4933,7037,39.0,649.0,1687.0,172.0,13.0
ESMERALDAS,San Lorenzo,Rural,Asiste,7425,0.0,468.0,498.0,15.0,4756,1314,5.0,77.0,288.0,4.0,0.0
ESMERALDAS,San Lorenzo,Rural,No asiste,12475,3091.0,112.0,75.0,20.0,4567,4077,12.0,169.0,310.0,38.0,4.0
ESMERALDAS,Atacames,Urbana,Asiste,7348,0.0,413.0,531.0,0.0,4481,1269,14.0,65.0,574.0,1.0,0.0
ESMERALDAS,Atacames,Urbana,No asiste,11600,1640.0,85.0,54.0,1.0,3850,4674,22.0,112.0,1057.0,93.0,12.0
ESMERALDAS,Atacames,Rural,Asiste,11768,0.0,526.0,819.0,4.0,7179,2146,30.0,81.0,981.0,2.0,0.0
ESMERALDAS,Atacames,Rural,No asiste,20488,3503.0,119.0,83.0,32.0,7857,7109,42.0,169.0,1379.0,182.0,13.0
ESMERALDAS,Rioverde,Urbana,Asiste,1457,0.0,106.0,106.0,3.0,872,244,2.0,18.0,105.0,1.0,0.0
ESMERALDAS,Rioverde,Urbana,No asiste,2553,363.0,27.0,11.0,2.0,944,994,2.0,26.0,161.0,17.0,6.0
ESMERALDAS,Rioverde,Rural,Asiste,9875,0.0,682.0,597.0,10.0,6472,1570,22.0,40.0,475.0,5.0,2.0
ESMERALDAS,Rioverde,Rural,No asiste,19000,3195.0,142.0,83.0,45.0,9469,5192,87.0,91.0,659.0,30.0,7.0
GUAYAS,Guayaquil,Urbana,Asiste,841613,0.0,24867.0,45122.0,190.0,426432,137205,2513.0,17196.0,187039.0,973.0,76.0
GUAYAS,Guayaquil,Urbana,No asiste,1808675,169038.0,3915.0,4427.0,1303.0,506660,712607,9501.0,42116.0,316444.0,39837.0,2827.0
GUAYAS,Guayaquil,Rural,Asiste,31009,0.0,1721.0,1909.0,17.0,18708,5086,60.0,344.0,3158.0,6.0,0.0
GUAYAS,Guayaquil,Rural,No asiste,65106,9503.0,283.0,255.0,161.0,29723,21585,107.0,654.0,2589.0,235.0,11.0
GUAYAS,Alfredo Baquerizo Moreno (Juján),Urbana,Asiste,1714,0.0,58.0,113.0,0.0,895,312,2.0,24.0,310.0,0.0,0.0
GUAYAS,Alfredo Baquerizo Moreno (Juján),Urbana,No asiste,4321,532.0,13.0,11.0,1.0,1462,1715,7.0,100.0,432.0,45.0,3.0
GUAYAS,Alfredo Baquerizo Moreno (Juján),Rural,Asiste,5135,0.0,81.0,270.0,2.0,3369,943,16.0,31.0,423.0,0.0,0.0
GUAYAS,Alfredo Baquerizo Moreno (Juján),Rural,No asiste,14356,2506.0,17.0,72.0,35.0,6755,4296,74.0,92.0,474.0,35.0,0.0
GUAYAS,Balao,Urbana,Asiste,4355,0.0,252.0,302.0,0.0,2526,720,1.0,34.0,520.0,0.0,0.0
GUAYAS,Balao,Urbana,No asiste,8495,1032.0,58.0,30.0,21.0,3922,2886,6.0,59.0,434.0,45.0,2.0
GUAYAS,Balao,Rural,Asiste,3907,0.0,173.0,229.0,2.0,2425,651,8.0,25.0,394.0,0.0,0.0
GUAYAS,Balao,Rural,No asiste,8898,1357.0,36.0,43.0,16.0,4497,2593,12.0,58.0,263.0,23.0,0.0
GUAYAS,Balzar,Urbana,Asiste,10804,0.0,607.0,588.0,0.0,6500,1887,35.0,90.0,1096.0,1.0,0.0
GUAYAS,Balzar,Urbana,No asiste,21940,3493.0,208.0,100.0,102.0,7865,8071,51.0,296.0,1566.0,185.0,3.0
GUAYAS,Balzar,Rural,Asiste,7416,0.0,532.0,333.0,1.0,4814,1356,12.0,46.0,322.0,0.0,0.0
GUAYAS,Balzar,Rural,No asiste,17669,3168.0,141.0,82.0,183.0,9101,4553,47.0,70.0,297.0,23.0,4.0
GUAYAS,Colimes,Urbana,Asiste,2631,0.0,178.0,130.0,3.0,1537,411,8.0,28.0,335.0,1.0,0.0
GUAYAS,Colimes,Urbana,No asiste,4988,652.0,48.0,18.0,8.0,2066,1772,9.0,66.0,317.0,30.0,2.0
GUAYAS,Colimes,Rural,Asiste,5318,0.0,472.0,229.0,6.0,3419,886,11.0,49.0,246.0,0.0,0.0
GUAYAS,Colimes,Rural,No asiste,13314,2448.0,138.0,38.0,64.0,7394,2910,23.0,82.0,205.0,12.0,0.0
GUAYAS,Daule,Urbana,Asiste,53141,0.0,896.0,3239.0,9.0,26905,8141,129.0,1358.0,12250.0,185.0,29.0
GUAYAS,Daule,Urbana,No asiste,108357,9436.0,204.0,257.0,80.0,16110,28709,559.0,4757.0,37568.0,10086.0,591.0
GUAYAS,Daule,Rural,Asiste,16904,0.0,870.0,935.0,2.0,10426,3152,32.0,264.0,1222.0,1.0,0.0
GUAYAS,Daule,Rural,No asiste,44044,6727.0,157.0,185.0,279.0,22788,11918,114.0,522.0,1208.0,139.0,7.0
GUAYAS,Durán,Urbana,Asiste,96672,0.0,2352.0,5447.0,22.0,51190,16409,322.0,1727.0,19105.0,94.0,4.0
GUAYAS,Durán,Urbana,No asiste,198539,21952.0,386.0,543.0,219.0,57899,82185,1062.0,4685.0,27156.0,2320.0,132.0
GUAYAS,Durán,Rural,Asiste,2788,0.0,128.0,190.0,0.0,1647,439,11.0,27.0,339.0,7.0,0.0
GUAYAS,Durán,Rural,No asiste,5911,957.0,8.0,30.0,20.0,2154,1572,30.0,92.0,880.0,165.0,3.0
GUAYAS,El Empalme,Urbana,Asiste,13709,0.0,555.0,761.0,3.0,8072,2362,47.0,108.0,1790.0,10.0,1.0
GUAYAS,El Empalme,Urbana,No asiste,28069,3962.0,107.0,73.0,100.0,10537,9859,56.0,212.0,2868.0,279.0,16.0
GUAYAS,El Empalme,Rural,Asiste,10847,0.0,474.0,547.0,2.0,7110,1860,27.0,80.0,742.0,4.0,1.0
GUAYAS,El Empalme,Rural,No asiste,27142,4736.0,82.0,76.0,134.0,14416,6733,51.0,100.0,765.0,48.0,1.0
GUAYAS,El Triunfo,Urbana,Asiste,13596,0.0,523.0,896.0,6.0,8175,2253,57.0,95.0,1582.0,9.0,0.0
GUAYAS,El Triunfo,Urbana,No asiste,27446,3946.0,150.0,136.0,60.0,10689,9407,251.0,340.0,2200.0,260.0,7.0
GUAYAS,El Triunfo,Rural,Asiste,5964,0.0,172.0,376.0,2.0,3889,1067,11.0,39.0,407.0,1.0,0.0
GUAYAS,El Triunfo,Rural,No asiste,13535,2297.0,33.0,49.0,25.0,6252,4127,44.0,87.0,566.0,53.0,2.0
GUAYAS,Milagro,Urbana,Asiste,51044,0.0,981.0,2571.0,22.0,26956,8262,236.0,379.0,11531.0,100.0,6.0
GUAYAS,Milagro,Urbana,No asiste,108926,13034.0,205.0,312.0,92.0,32821,39037,1041.0,1790.0,17593.0,2858.0,143.0
GUAYAS,Milagro,Rural,Asiste,11019,0.0,297.0,562.0,11.0,6473,1865,37.0,55.0,1714.0,5.0,0.0
GUAYAS,Milagro,Rural,No asiste,24954,3497.0,90.0,62.0,33.0,11419,7632,149.0,220.0,1675.0,168.0,9.0
GUAYAS,Naranjal,Urbana,Asiste,12537,0.0,293.0,808.0,0.0,7312,1981,25.0,126.0,1986.0,6.0,0.0
GUAYAS,Naranjal,Urbana,No asiste,26786,4062.0,71.0,99.0,32.0,10231,9336,183.0,401.0,2079.0,276.0,16.0
GUAYAS,Naranjal,Rural,Asiste,13686,0.0,391.0,815.0,0.0,8191,2305,21.0,53.0,1906.0,4.0,0.0
GUAYAS,Naranjal,Rural,No asiste,30682,5244.0,96.0,131.0,54.0,14690,9114,111.0,204.0,972.0,61.0,5.0
GUAYAS,Naranjito,Urbana,Asiste,11005,0.0,146.0,572.0,4.0,6291,1897,33.0,55.0,1994.0,13.0,0.0
GUAYAS,Naranjito,Urbana,No asiste,23659,3522.0,41.0,68.0,95.0,8928,8257,97.0,289.0,2102.0,256.0,4.0
GUAYAS,Naranjito,Rural,Asiste,2684,0.0,6.0,109.0,0.0,1775,534,8.0,6.0,245.0,1.0,0.0
GUAYAS,Naranjito,Rural,No asiste,6821,1081.0,2.0,19.0,20.0,3473,1945,3.0,36.0,222.0,19.0,1.0
GUAYAS,Palestina,Urbana,Asiste,3302,0.0,164.0,192.0,0.0,1796,548,2.0,63.0,537.0,0.0,0.0
GUAYAS,Palestina,Urbana,No asiste,7090,990.0,18.0,23.0,17.0,3039,2470,9.0,138.0,362.0,24.0,0.0
GUAYAS,Palestina,Rural,Asiste,2056,0.0,107.0,71.0,0.0,1359,368,2.0,22.0,127.0,0.0,0.0
GUAYAS,Palestina,Rural,No asiste,5571,1214.0,16.0,21.0,20.0,2830,1319,44.0,33.0,72.0,2.0,0.0
GUAYAS,Pedro Carbo,Urbana,Asiste,8590,0.0,575.0,449.0,2.0,4742,1427,41.0,144.0,1203.0,7.0,0.0
GUAYAS,Pedro Carbo,Urbana,No asiste,16292,2351.0,111.0,98.0,69.0,5678,5849,230.0,307.0,1434.0,160.0,5.0
GUAYAS,Pedro Carbo,Rural,Asiste,8583,0.0,773.0,447.0,11.0,5211,1492,18.0,77.0,549.0,4.0,1.0
GUAYAS,Pedro Carbo,Rural,No asiste,18712,3460.0,226.0,111.0,201.0,9335,4733,83.0,108.0,425.0,29.0,1.0
GUAYAS,Samborondón,Urbana,Asiste,21742,0.0,669.0,1174.0,4.0,8326,2916,36.0,152.0,8349.0,114.0,2.0
GUAYAS,Samborondón,Urbana,No asiste,50683,3369.0,69.0,88.0,17.0,13755,11632,214.0,1264.0,14800.0,4964.0,511.0
GUAYAS,Samborondón,Rural,Asiste,7825,0.0,541.0,481.0,2.0,4285,1368,10.0,62.0,1076.0,0.0,0.0
GUAYAS,Samborondón,Rural,No asiste,18290,2332.0,146.0,82.0,35.0,9043,5694,20.0,134.0,731.0,73.0,0.0
GUAYAS,Santa Lucía,Urbana,Asiste,3546,0.0,193.0,204.0,1.0,1989,635,8.0,104.0,410.0,2.0,0.0
GUAYAS,Santa Lucía,Urbana,No asiste,7378,882.0,31.0,13.0,19.0,2515,2896,9.0,268.0,662.0,82.0,1.0
GUAYAS,Santa Lucía,Rural,Asiste,9540,0.0,819.0,589.0,2.0,5738,1726,9.0,207.0,448.0,2.0,0.0
GUAYAS,Santa Lucía,Rural,No asiste,23236,3470.0,196.0,86.0,166.0,12101,6381,10.0,288.0,488.0,49.0,1.0
GUAYAS,Salitre,Urbana,Asiste,4767,0.0,292.0,258.0,1.0,2500,804,12.0,51.0,848.0,1.0,0.0
GUAYAS,Salitre,Urbana,No asiste,8804,1018.0,52.0,26.0,26.0,3094,3662,17.0,129.0,690.0,88.0,2.0
GUAYAS,Salitre,Rural,Asiste,13519,0.0,942.0,663.0,4.0,8423,2403,12.0,100.0,972.0,0.0,0.0
GUAYAS,Salitre,Rural,No asiste,33970,5236.0,187.0,104.0,187.0,18040,9338,39.0,133.0,653.0,52.0,1.0
GUAYAS,San Jacinto de Yaguachi,Urbana,Asiste,7837,0.0,174.0,389.0,3.0,3799,1309,25.0,50.0,2074.0,14.0,0.0
GUAYAS,San Jacinto de Yaguachi,Urbana,No asiste,15135,1961.0,39.0,42.0,18.0,5596,5642,32.0,180.0,1440.0,177.0,8.0
GUAYAS,San Jacinto de Yaguachi,Rural,Asiste,15376,0.0,328.0,712.0,7.0,8978,2673,40.0,69.0,2563.0,5.0,1.0
GUAYAS,San Jacinto de Yaguachi,Rural,No asiste,34351,5183.0,65.0,128.0,50.0,16143,10746,100.0,217.0,1565.0,151.0,3.0
GUAYAS,Playas,Urbana,Asiste,16547,0.0,1094.0,839.0,13.0,9417,2714,48.0,266.0,2141.0,14.0,1.0
GUAYAS,Playas,Urbana,No asiste,31609,3533.0,140.0,61.0,87.0,11783,11861,115.0,687.0,2913.0,402.0,27.0
GUAYAS,Playas,Rural,Asiste,3332,0.0,166.0,197.0,0.0,2091,536,7.0,34.0,300.0,1.0,0.0
GUAYAS,Playas,Rural,No asiste,7280,952.0,70.0,38.0,26.0,3537,2065,30.0,105.0,405.0,50.0,2.0
GUAYAS,Simón Bolívar,Urbana,Asiste,2717,0.0,83.0,148.0,0.0,1628,470,8.0,16.0,362.0,2.0,0.0
GUAYAS,Simón Bolívar,Urbana,No asiste,5979,803.0,24.0,14.0,6.0,2134,2244,28.0,86.0,556.0,82.0,2.0
GUAYAS,Simón Bolívar,Rural,Asiste,5842,0.0,149.0,335.0,2.0,3802,1037,15.0,21.0,480.0,1.0,0.0
GUAYAS,Simón Bolívar,Rural,No asiste,14889,2192.0,37.0,33.0,23.0,7174,4554,48.0,88.0,702.0,38.0,0.0
GUAYAS,Coronel Marcelino Maridueña,Urbana,Asiste,2331,0.0,57.0,146.0,0.0,1191,370,3.0,30.0,530.0,3.0,1.0
GUAYAS,Coronel Marcelino Maridueña,Urbana,No asiste,5465,373.0,9.0,7.0,0.0,1333,2480,10.0,158.0,991.0,102.0,2.0
GUAYAS,Coronel Marcelino Maridueña,Rural,Asiste,1632,0.0,47.0,112.0,0.0,999,338,8.0,6.0,121.0,1.0,0.0
GUAYAS,Coronel Marcelino Maridueña,Rural,No asiste,3755,481.0,16.0,11.0,5.0,1733,1320,7.0,15.0,150.0,16.0,1.0
GUAYAS,Lomas de Sargentillo,Urbana,Asiste,5229,0.0,227.0,332.0,4.0,3093,973,9.0,69.0,520.0,2.0,0.0
GUAYAS,Lomas de Sargentillo,Urbana,No asiste,11374,1787.0,60.0,42.0,51.0,4651,3769,22.0,167.0,758.0,65.0,2.0
GUAYAS,Lomas de Sargentillo,Rural,Asiste,1681,0.0,129.0,98.0,1.0,1076,283,3.0,2.0,88.0,1.0,0.0
GUAYAS,Lomas de Sargentillo,Rural,No asiste,3970,797.0,9.0,26.0,37.0,2013,976,3.0,9.0,92.0,8.0,0.0
GUAYAS,Nobol,Urbana,Asiste,3374,0.0,144.0,215.0,0.0,1881,608,35.0,78.0,411.0,2.0,0.0
GUAYAS,Nobol,Urbana,No asiste,6636,757.0,20.0,18.0,19.0,2342,2690,19.0,173.0,530.0,66.0,2.0
GUAYAS,Nobol,Rural,Asiste,4632,0.0,252.0,286.0,8.0,2842,812,7.0,69.0,353.0,3.0,0.0
GUAYAS,Nobol,Rural,No asiste,9208,1277.0,43.0,41.0,35.0,4156,3073,7.0,126.0,417.0,33.0,0.0
GUAYAS,General  Antonio Elizalde,Urbana,Asiste,2209,0.0,72.0,126.0,1.0,1167,446,7.0,23.0,365.0,2.0,0.0
GUAYAS,General  Antonio Elizalde,Urbana,No asiste,4529,481.0,13.0,20.0,4.0,1299,1911,20.0,103.0,600.0,77.0,1.0
GUAYAS,General  Antonio Elizalde,Rural,Asiste,1603,0.0,48.0,89.0,0.0,966,342,7.0,10.0,140.0,0.0,1.0
GUAYAS,General  Antonio Elizalde,Rural,No asiste,3469,529.0,5.0,18.0,15.0,1510,1114,14.0,39.0,201.0,24.0,0.0
GUAYAS,Isidro Ayora,Urbana,Asiste,3003,0.0,157.0,209.0,1.0,1712,481,13.0,68.0,357.0,3.0,2.0
GUAYAS,Isidro Ayora,Urbana,No asiste,5272,742.0,22.0,30.0,16.0,1994,1988,11.0,85.0,323.0,58.0,3.0
GUAYAS,Isidro Ayora,Rural,Asiste,1893,0.0,192.0,139.0,1.0,1141,322,3.0,15.0,80.0,0.0,0.0
GUAYAS,Isidro Ayora,Rural,No asiste,4137,815.0,23.0,20.0,30.0,2091,1074,4.0,25.0,47.0,8.0,0.0
IMBABURA,Ibarra,Urbana,Asiste,50228,0.0,1451.0,3089.0,7.0,24780,8525,154.0,1444.0,10642.0,124.0,12.0
IMBABURA,Ibarra,Urbana,No asiste,107713,6592.0,170.0,153.0,109.0,27970,34383,609.0,4465.0,27427.0,5412.0,423.0
IMBABURA,Ibarra,Rural,Asiste,18820,0.0,1021.0,1136.0,3.0,10215,3589,64.0,463.0,2305.0,20.0,4.0
IMBABURA,Ibarra,Rural,No asiste,40708,4860.0,126.0,93.0,283.0,17672,12073,124.0,1065.0,3844.0,536.0,32.0
IMBABURA,Antonio Ante,Urbana,Asiste,8105,0.0,319.0,440.0,3.0,4021,1422,42.0,229.0,1612.0,16.0,1.0
IMBABURA,Antonio Ante,Urbana,No asiste,17010,1100.0,43.0,17.0,30.0,6023,5331,161.0,716.0,3113.0,447.0,29.0
IMBABURA,Antonio Ante,Rural,Asiste,9408,0.0,475.0,595.0,1.0,5020,1710,51.0,246.0,1301.0,7.0,2.0
IMBABURA,Antonio Ante,Rural,No asiste,19248,1993.0,67.0,33.0,144.0,8356,5544,106.0,632.0,2022.0,324.0,27.0
IMBABURA,Cotacachi,Urbana,Asiste,3303,0.0,128.0,197.0,4.0,1586,569,9.0,112.0,692.0,5.0,1.0
IMBABURA,Cotacachi,Urbana,No asiste,7223,581.0,9.0,7.0,18.0,1841,2293,26.0,325.0,1750.0,344.0,29.0
IMBABURA,Cotacachi,Rural,Asiste,13779,0.0,868.0,637.0,2.0,8058,2837,29.0,274.0,1068.0,6.0,0.0
IMBABURA,Cotacachi,Rural,No asiste,28696,5619.0,167.0,86.0,222.0,12500,7710,304.0,492.0,1411.0,173.0,12.0
IMBABURA,Otavalo,Urbana,Asiste,13519,0.0,469.0,753.0,7.0,6703,2516,50.0,343.0,2650.0,26.0,2.0
IMBABURA,Otavalo,Urbana,No asiste,28199,2875.0,61.0,46.0,125.0,8166,9233,111.0,1037.0,5605.0,889.0,51.0
IMBABURA,Otavalo,Rural,Asiste,23648,0.0,1506.0,1192.0,9.0,13276,4505,60.0,433.0,2646.0,21.0,0.0
IMBABURA,Otavalo,Rural,No asiste,48937,10601.0,189.0,146.0,843.0,18888,13296,76.0,1136.0,3377.0,367.0,18.0
IMBABURA,Pimampiro,Urbana,Asiste,1753,0.0,119.0,100.0,1.0,931,298,0.0,36.0,262.0,5.0,1.0
IMBABURA,Pimampiro,Urbana,No asiste,4095,309.0,8.0,13.0,5.0,1561,1457,8.0,120.0,555.0,56.0,3.0
IMBABURA,Pimampiro,Rural,Asiste,2048,0.0,136.0,140.0,0.0,1202,404,8.0,35.0,123.0,0.0,0.0
IMBABURA,Pimampiro,Rural,No asiste,5470,766.0,20.0,14.0,26.0,2886,1514,7.0,59.0,165.0,13.0,0.0
IMBABURA,San Miguel de Urcuquí,Urbana,Asiste,1550,0.0,75.0,83.0,0.0,780,264,12.0,72.0,263.0,0.0,1.0
IMBABURA,San Miguel de Urcuquí,Urbana,No asiste,2930,229.0,11.0,1.0,12.0,1136,974,20.0,137.0,356.0,44.0,10.0
IMBABURA,San Miguel de Urcuquí,Rural,Asiste,4066,0.0,289.0,200.0,1.0,2339,764,29.0,111.0,332.0,1.0,0.0
IMBABURA,San Miguel de Urcuquí,Rural,No asiste,9423,1123.0,27.0,19.0,18.0,5260,2366,30.0,174.0,373.0,29.0,4.0
LOJA,Loja,Urbana,Asiste,71732,0.0,2279.0,4083.0,1.0,34039,11404,303.0,1554.0,17801.0,244.0,24.0
LOJA,Loja,Urbana,No asiste,131764,8430.0,407.0,244.0,113.0,29411,35180,497.0,4021.0,42162.0,10115.0,1184.0
LOJA,Loja,Rural,Asiste,14461,0.0,741.0,784.0,2.0,8137,2675,43.0,254.0,1811.0,14.0,0.0
LOJA,Loja,Rural,No asiste,32071,3000.0,199.0,111.0,155.0,16288,8371,87.0,546.0,2963.0,302.0,49.0
LOJA,Calvas,Urbana,Asiste,4597,0.0,207.0,275.0,7.0,2237,816,18.0,238.0,788.0,11.0,0.0
LOJA,Calvas,Urbana,No asiste,8578,585.0,68.0,19.0,26.0,2389,2236,21.0,638.0,2179.0,389.0,28.0
LOJA,Calvas,Rural,Asiste,3442,0.0,292.0,88.0,9.0,2048,676,18.0,103.0,207.0,1.0,0.0
LOJA,Calvas,Rural,No asiste,9425,834.0,155.0,32.0,126.0,5719,1936,13.0,186.0,395.0,28.0,1.0
LOJA,Catamayo,Urbana,Asiste,9107,0.0,523.0,527.0,2.0,4875,1556,21.0,189.0,1405.0,9.0,0.0
LOJA,Catamayo,Urbana,No asiste,17919,1509.0,97.0,41.0,38.0,6268,6457,96.0,576.0,2550.0,265.0,22.0
LOJA,Catamayo,Rural,Asiste,2292,0.0,119.0,108.0,1.0,1254,486,3.0,35.0,286.0,0.0,0.0
LOJA,Catamayo,Rural,No asiste,5922,573.0,18.0,20.0,17.0,3341,1462,5.0,80.0,367.0,37.0,2.0
LOJA,Celica,Urbana,Asiste,1536,0.0,42.0,66.0,0.0,807,313,6.0,24.0,275.0,2.0,1.0
LOJA,Celica,Urbana,No asiste,2950,256.0,21.0,6.0,8.0,818,1017,15.0,108.0,604.0,94.0,3.0
LOJA,Celica,Rural,Asiste,2819,0.0,115.0,71.0,1.0,1693,657,4.0,22.0,256.0,0.0,0.0
LOJA,Celica,Rural,No asiste,7074,902.0,32.0,17.0,22.0,3803,1926,9.0,59.0,269.0,34.0,1.0
LOJA,Chaguarpamba,Urbana,Asiste,454,0.0,39.0,20.0,0.0,216,69,1.0,7.0,100.0,2.0,0.0
LOJA,Chaguarpamba,Urbana,No asiste,888,52.0,6.0,2.0,3.0,277,324,0.0,41.0,164.0,19.0,0.0
LOJA,Chaguarpamba,Rural,Asiste,1424,0.0,87.0,36.0,0.0,844,302,1.0,18.0,135.0,1.0,0.0
LOJA,Chaguarpamba,Rural,No asiste,4091,381.0,12.0,6.0,6.0,2509,965,7.0,27.0,159.0,19.0,0.0
LOJA,Espíndola,Urbana,Asiste,635,0.0,33.0,27.0,0.0,319,120,1.0,22.0,110.0,3.0,0.0
LOJA,Espíndola,Urbana,No asiste,1438,83.0,5.0,4.0,3.0,411,455,10.0,51.0,352.0,63.0,1.0
LOJA,Espíndola,Rural,Asiste,3332,0.0,261.0,80.0,2.0,2002,723,6.0,34.0,220.0,4.0,0.0
LOJA,Espíndola,Rural,No asiste,8714,974.0,70.0,40.0,141.0,5182,1846,8.0,86.0,335.0,31.0,1.0
LOJA,Gonzanamá,Urbana,Asiste,633,0.0,23.0,36.0,0.0,314,130,1.0,18.0,110.0,1.0,0.0
LOJA,Gonzanamá,Urbana,No asiste,1340,98.0,10.0,7.0,4.0,275,374,9.0,46.0,457.0,54.0,6.0
LOJA,Gonzanamá,Rural,Asiste,2753,0.0,117.0,82.0,0.0,1594,584,2.0,60.0,314.0,0.0,0.0
LOJA,Gonzanamá,Rural,No asiste,7521,713.0,46.0,48.0,39.0,4355,1685,15.0,117.0,444.0,54.0,5.0
LOJA,Macará,Urbana,Asiste,3889,0.0,228.0,248.0,2.0,2236,678,13.0,60.0,420.0,4.0,0.0
LOJA,Macará,Urbana,No asiste,8565,667.0,52.0,14.0,22.0,3055,3190,53.0,183.0,1160.0,157.0,12.0
LOJA,Macará,Rural,Asiste,1560,0.0,150.0,36.0,2.0,981,285,3.0,15.0,88.0,0.0,0.0
LOJA,Macará,Rural,No asiste,4201,349.0,38.0,4.0,79.0,2568,998,4.0,30.0,121.0,9.0,1.0
LOJA,Paltas,Urbana,Asiste,2913,0.0,170.0,135.0,4.0,1485,517,6.0,50.0,542.0,4.0,0.0
LOJA,Paltas,Urbana,No asiste,4918,284.0,25.0,5.0,10.0,1171,1862,22.0,146.0,1202.0,175.0,16.0
LOJA,Paltas,Rural,Asiste,3994,0.0,250.0,90.0,2.0,2436,822,3.0,54.0,335.0,2.0,0.0
LOJA,Paltas,Rural,No asiste,11016,980.0,114.0,11.0,209.0,6448,2771,14.0,68.0,371.0,27.0,3.0
LOJA,Puyango,Urbana,Asiste,1957,0.0,47.0,120.0,0.0,1066,320,9.0,36.0,357.0,2.0,0.0
LOJA,Puyango,Urbana,No asiste,4024,343.0,19.0,14.0,26.0,1374,1266,81.0,122.0,681.0,95.0,3.0
LOJA,Puyango,Rural,Asiste,2629,0.0,50.0,54.0,1.0,1624,544,3.0,29.0,324.0,0.0,0.0
LOJA,Puyango,Rural,No asiste,7647,906.0,19.0,36.0,114.0,4349,1823,9.0,65.0,288.0,35.0,3.0
LOJA,Saraguro,Urbana,Asiste,1603,0.0,67.0,77.0,1.0,811,312,4.0,26.0,302.0,2.0,1.0
LOJA,Saraguro,Urbana,No asiste,3053,301.0,13.0,11.0,19.0,826,849,5.0,125.0,742.0,156.0,6.0
LOJA,Saraguro,Rural,Asiste,7620,0.0,462.0,377.0,2.0,4654,1411,6.0,59.0,646.0,3.0,0.0
LOJA,Saraguro,Rural,No asiste,16835,2638.0,116.0,85.0,148.0,9089,3612,4.0,145.0,881.0,111.0,6.0
LOJA,Sozoranga,Urbana,Asiste,276,0.0,25.0,15.0,0.0,147,50,1.0,3.0,34.0,1.0,0.0
LOJA,Sozoranga,Urbana,No asiste,632,26.0,5.0,0.0,1.0,218,194,9.0,26.0,138.0,15.0,0.0
LOJA,Sozoranga,Rural,Asiste,1639,0.0,141.0,19.0,1.0,1070,317,5.0,17.0,69.0,0.0,0.0
LOJA,Sozoranga,Rural,No asiste,4423,418.0,75.0,7.0,42.0,2888,857,8.0,26.0,92.0,9.0,1.0
LOJA,Zapotillo,Urbana,Asiste,1201,0.0,85.0,78.0,1.0,618,199,5.0,7.0,207.0,0.0,1.0
LOJA,Zapotillo,Urbana,No asiste,2398,225.0,11.0,7.0,4.0,785,842,1.0,47.0,413.0,62.0,1.0
LOJA,Zapotillo,Rural,Asiste,3025,0.0,248.0,113.0,0.0,1917,518,4.0,18.0,207.0,0.0,0.0
LOJA,Zapotillo,Rural,No asiste,7947,958.0,115.0,26.0,25.0,4542,1889,7.0,42.0,316.0,25.0,2.0
LOJA,Pindal,Urbana,Asiste,885,0.0,16.0,44.0,0.0,495,180,3.0,9.0,137.0,1.0,0.0
LOJA,Pindal,Urbana,No asiste,1775,226.0,2.0,4.0,2.0,500,722,11.0,44.0,235.0,29.0,0.0
LOJA,Pindal,Rural,Asiste,2180,0.0,116.0,38.0,0.0,1324,452,2.0,21.0,227.0,0.0,0.0
LOJA,Pindal,Rural,No asiste,5569,837.0,37.0,32.0,30.0,3007,1374,3.0,39.0,187.0,20.0,3.0
LOJA,Quilanga,Urbana,Asiste,272,0.0,9.0,12.0,0.0,141,43,1.0,4.0,61.0,1.0,0.0
LOJA,Quilanga,Urbana,No asiste,662,26.0,14.0,3.0,1.0,263,174,4.0,17.0,145.0,13.0,2.0
LOJA,Quilanga,Rural,Asiste,747,0.0,22.0,14.0,0.0,440,174,1.0,17.0,79.0,0.0,0.0
LOJA,Quilanga,Rural,No asiste,2290,226.0,27.0,13.0,8.0,1374,495,1.0,33.0,104.0,7.0,2.0
LOJA,Olmedo,Urbana,Asiste,237,0.0,24.0,14.0,0.0,103,33,0.0,6.0,57.0,0.0,0.0
LOJA,Olmedo,Urbana,No asiste,508,23.0,4.0,3.0,0.0,176,170,3.0,20.0,89.0,18.0,2.0
LOJA,Olmedo,Rural,Asiste,834,0.0,43.0,21.0,1.0,452,216,0.0,6.0,95.0,0.0,0.0
LOJA,Olmedo,Rural,No asiste,2585,287.0,12.0,5.0,11.0,1555,609,2.0,24.0,68.0,12.0,0.0
LOS RIOS,Babahoyo,Urbana,Asiste,32828,0.0,621.0,1803.0,2.0,15468,5096,122.0,591.0,9079.0,42.0,4.0
LOS RIOS,Babahoyo,Urbana,No asiste,65423,7123.0,120.0,228.0,62.0,17653,20392,350.0,1667.0,15433.0,2274.0,121.0
LOS RIOS,Babahoyo,Rural,Asiste,26366,0.0,1407.0,1582.0,6.0,14155,4451,136.0,307.0,4306.0,13.0,3.0
LOS RIOS,Babahoyo,Rural,No asiste,53892,7925.0,253.0,190.0,190.0,24248,15749,139.0,573.0,4010.0,576.0,39.0
LOS RIOS,Baba,Urbana,Asiste,2180,0.0,122.0,133.0,2.0,1233,386,1.0,47.0,256.0,0.0,0.0
LOS RIOS,Baba,Urbana,No asiste,4566,583.0,24.0,17.0,12.0,1597,1554,91.0,54.0,584.0,49.0,1.0
LOS RIOS,Baba,Rural,Asiste,11158,0.0,934.0,588.0,3.0,6710,1943,25.0,115.0,839.0,1.0,0.0
LOS RIOS,Baba,Rural,No asiste,27392,4246.0,198.0,74.0,136.0,13871,7580,90.0,176.0,968.0,53.0,0.0
LOS RIOS,Montalvo,Urbana,Asiste,5287,0.0,190.0,291.0,12.0,2725,1001,36.0,109.0,919.0,4.0,0.0
LOS RIOS,Montalvo,Urbana,No asiste,10961,1111.0,14.0,26.0,28.0,3040,4277,40.0,409.0,1795.0,211.0,10.0
LOS RIOS,Montalvo,Rural,Asiste,3380,0.0,89.0,201.0,1.0,1965,600,21.0,44.0,457.0,2.0,0.0
LOS RIOS,Montalvo,Rural,No asiste,8726,1134.0,11.0,19.0,35.0,3831,2790,16.0,130.0,712.0,46.0,2.0
LOS RIOS,Puebloviejo,Urbana,Asiste,3159,0.0,222.0,195.0,1.0,1771,498,12.0,49.0,410.0,1.0,0.0
LOS RIOS,Puebloviejo,Urbana,No asiste,6487,836.0,39.0,19.0,13.0,2437,2222,34.0,57.0,763.0,66.0,1.0
LOS RIOS,Puebloviejo,Rural,Asiste,9906,0.0,487.0,448.0,6.0,5838,1693,32.0,94.0,1305.0,3.0,0.0
LOS RIOS,Puebloviejo,Rural,No asiste,21409,3623.0,144.0,81.0,100.0,9092,6541,88.0,219.0,1430.0,89.0,2.0
LOS RIOS,Quevedo,Urbana,Asiste,59780,0.0,1306.0,2862.0,14.0,32217,9628,113.0,763.0,12809.0,62.0,6.0
LOS RIOS,Quevedo,Urbana,No asiste,118012,15759.0,317.0,351.0,177.0,37883,40696,512.0,1719.0,17915.0,2458.0,225.0
LOS RIOS,Quevedo,Rural,Asiste,8476,0.0,255.0,385.0,2.0,5128,1426,10.0,111.0,1151.0,6.0,2.0
LOS RIOS,Quevedo,Rural,No asiste,19740,3144.0,62.0,73.0,23.0,8651,6194,33.0,213.0,1228.0,110.0,9.0
LOS RIOS,Urdaneta,Urbana,Asiste,2185,0.0,91.0,134.0,1.0,1225,398,12.0,25.0,299.0,0.0,0.0
LOS RIOS,Urdaneta,Urbana,No asiste,5031,639.0,13.0,14.0,4.0,1721,1862,15.0,63.0,646.0,54.0,0.0
LOS RIOS,Urdaneta,Rural,Asiste,7348,0.0,259.0,370.0,5.0,4626,1284,24.0,68.0,711.0,1.0,0.0
LOS RIOS,Urdaneta,Rural,No asiste,18587,2956.0,83.0,81.0,49.0,8233,5753,50.0,106.0,1174.0,96.0,6.0
LOS RIOS,Ventanas,Urbana,Asiste,13438,0.0,275.0,678.0,1.0,7331,2661,55.0,198.0,2229.0,9.0,1.0
LOS RIOS,Ventanas,Urbana,No asiste,28093,4029.0,110.0,77.0,36.0,8947,9952,489.0,452.0,3546.0,434.0,21.0
LOS RIOS,Ventanas,Rural,Asiste,8999,0.0,287.0,304.0,3.0,5598,1828,35.0,85.0,857.0,2.0,0.0
LOS RIOS,Ventanas,Rural,No asiste,22681,3575.0,105.0,77.0,81.0,10494,6823,193.0,177.0,1079.0,72.0,5.0
LOS RIOS,Vinces,Urbana,Asiste,11318,0.0,440.0,633.0,10.0,6175,1925,36.0,136.0,1954.0,9.0,0.0
LOS RIOS,Vinces,Urbana,No asiste,23746,2808.0,116.0,56.0,51.0,7214,8912,107.0,319.0,3762.0,381.0,20.0
LOS RIOS,Vinces,Rural,Asiste,12170,0.0,393.0,614.0,4.0,7683,2359,38.0,136.0,941.0,2.0,0.0
LOS RIOS,Vinces,Rural,No asiste,33675,6177.0,73.0,72.0,152.0,16346,9473,198.0,147.0,981.0,52.0,4.0
LOS RIOS,Palenque,Urbana,Asiste,2363,0.0,200.0,141.0,1.0,1422,346,27.0,24.0,200.0,2.0,0.0
LOS RIOS,Palenque,Urbana,No asiste,4895,747.0,54.0,9.0,14.0,1910,1602,78.0,86.0,357.0,37.0,1.0
LOS RIOS,Palenque,Rural,Asiste,4548,0.0,294.0,128.0,4.0,3218,706,20.0,10.0,166.0,2.0,0.0
LOS RIOS,Palenque,Rural,No asiste,13032,2570.0,95.0,37.0,40.0,6853,3183,14.0,52.0,180.0,7.0,1.0
LOS RIOS,Buena Fe,Urbana,Asiste,16110,0.0,725.0,858.0,10.0,9515,2693,68.0,144.0,2091.0,6.0,0.0
LOS RIOS,Buena Fe,Urbana,No asiste,30669,4658.0,154.0,95.0,99.0,10805,11256,227.0,262.0,2784.0,314.0,15.0
LOS RIOS,Buena Fe,Rural,Asiste,8614,0.0,289.0,452.0,5.0,5503,1436,39.0,251.0,637.0,2.0,0.0
LOS RIOS,Buena Fe,Rural,No asiste,19017,3561.0,64.0,79.0,69.0,8438,5731,58.0,169.0,802.0,44.0,2.0
LOS RIOS,Valencia,Urbana,Asiste,7907,0.0,344.0,445.0,3.0,4359,1331,63.0,121.0,1237.0,4.0,0.0
LOS RIOS,Valencia,Urbana,No asiste,15089,2340.0,60.0,67.0,43.0,5475,5034,45.0,345.0,1498.0,172.0,10.0
LOS RIOS,Valencia,Rural,Asiste,8616,0.0,359.0,487.0,1.0,5353,1392,13.0,62.0,948.0,1.0,0.0
LOS RIOS,Valencia,Rural,No asiste,19897,3743.0,46.0,65.0,48.0,9984,5278,36.0,120.0,539.0,34.0,4.0
LOS RIOS,Mocache,Urbana,Asiste,3070,0.0,131.0,198.0,4.0,1782,531,22.0,26.0,374.0,1.0,1.0
LOS RIOS,Mocache,Urbana,No asiste,6465,904.0,24.0,25.0,23.0,2347,2117,225.0,74.0,663.0,58.0,5.0
LOS RIOS,Mocache,Rural,Asiste,8993,0.0,450.0,387.0,7.0,5743,1549,24.0,84.0,745.0,3.0,1.0
LOS RIOS,Mocache,Rural,No asiste,23498,3886.0,81.0,84.0,90.0,12194,6154,68.0,111.0,755.0,67.0,8.0
LOS RIOS,Quinsaloma,Urbana,Asiste,1886,0.0,45.0,104.0,0.0,1089,365,4.0,16.0,262.0,1.0,0.0
LOS RIOS,Quinsaloma,Urbana,No asiste,4275,665.0,13.0,16.0,16.0,1433,1585,18.0,57.0,431.0,40.0,1.0
LOS RIOS,Quinsaloma,Rural,Asiste,3579,0.0,79.0,106.0,0.0,2342,733,6.0,26.0,282.0,5.0,0.0
LOS RIOS,Quinsaloma,Rural,No asiste,9730,1697.0,19.0,24.0,26.0,4639,2894,10.0,55.0,339.0,25.0,2.0
MANABI,Portoviejo,Urbana,Asiste,81281,0.0,3596.0,5728.0,5.0,38220,12535,256.0,1163.0,19650.0,115.0,13.0
MANABI,Portoviejo,Urbana,No asiste,162848,14213.0,327.0,495.0,287.0,41055,51329,1049.0,2787.0,42538.0,8089.0,679.0
MANABI,Portoviejo,Rural,Asiste,24305,0.0,1673.0,1808.0,14.0,12838,4231,58.0,196.0,3478.0,9.0,0.0
MANABI,Portoviejo,Rural,No asiste,54491,5918.0,167.0,193.0,220.0,24954,17483,84.0,404.0,4640.0,415.0,13.0
MANABI,Bolívar,Urbana,Asiste,6830,0.0,283.0,529.0,10.0,3258,1105,15.0,58.0,1562.0,6.0,4.0
MANABI,Bolívar,Urbana,No asiste,13181,1258.0,34.0,23.0,24.0,3934,4491,34.0,148.0,2693.0,500.0,42.0
MANABI,Bolívar,Rural,Asiste,6519,0.0,390.0,433.0,7.0,3748,1106,13.0,29.0,792.0,1.0,0.0
MANABI,Bolívar,Rural,No asiste,15297,2063.0,41.0,73.0,58.0,8243,3902,19.0,51.0,757.0,82.0,8.0
MANABI,Chone,Urbana,Asiste,17985,0.0,669.0,1255.0,8.0,8623,2929,85.0,226.0,4177.0,12.0,1.0
MANABI,Chone,Urbana,No asiste,36644,3825.0,94.0,156.0,93.0,8916,11541,131.0,650.0,9688.0,1462.0,88.0
MANABI,Chone,Rural,Asiste,22476,0.0,1485.0,1558.0,10.0,12643,3996,67.0,141.0,2573.0,3.0,0.0
MANABI,Chone,Rural,No asiste,51061,8190.0,147.0,257.0,275.0,24463,13708,155.0,259.0,3277.0,314.0,16.0
MANABI,El Carmen,Urbana,Asiste,18403,0.0,957.0,1149.0,16.0,10095,3338,72.0,194.0,2572.0,10.0,0.0
MANABI,El Carmen,Urbana,No asiste,33963,4884.0,137.0,115.0,84.0,11354,11583,133.0,312.0,4648.0,674.0,39.0
MANABI,El Carmen,Rural,Asiste,20461,0.0,1047.0,1215.0,1.0,12840,3672,33.0,156.0,1495.0,1.0,1.0
MANABI,El Carmen,Rural,No asiste,48109,7755.0,162.0,181.0,145.0,23562,13975,79.0,206.0,1870.0,164.0,10.0
MANABI,Flavio Alfaro,Urbana,Asiste,2926,0.0,147.0,226.0,17.0,1539,510,13.0,31.0,440.0,3.0,0.0
MANABI,Flavio Alfaro,Urbana,No asiste,5386,811.0,19.0,29.0,36.0,1819,1973,16.0,42.0,567.0,74.0,0.0
MANABI,Flavio Alfaro,Rural,Asiste,5456,0.0,320.0,342.0,2.0,3293,900,18.0,30.0,551.0,0.0,0.0
MANABI,Flavio Alfaro,Rural,No asiste,12647,2272.0,31.0,64.0,56.0,6368,3301,21.0,55.0,438.0,40.0,1.0
MANABI,Jipijapa,Urbana,Asiste,16087,0.0,865.0,1061.0,3.0,7470,2341,38.0,74.0,4219.0,15.0,1.0
MANABI,Jipijapa,Urbana,No asiste,29295,2579.0,140.0,78.0,61.0,7520,8961,65.0,389.0,7974.0,1428.0,100.0
MANABI,Jipijapa,Rural,Asiste,9321,0.0,467.0,605.0,3.0,5313,1567,14.0,31.0,1320.0,1.0,0.0
MANABI,Jipijapa,Rural,No asiste,23414,3849.0,76.0,90.0,319.0,11709,5866,23.0,87.0,1306.0,85.0,4.0
MANABI,Junín,Urbana,Asiste,2491,0.0,152.0,170.0,0.0,1185,357,91.0,27.0,506.0,3.0,0.0
MANABI,Junín,Urbana,No asiste,4841,400.0,19.0,12.0,6.0,1505,1690,68.0,84.0,935.0,118.0,4.0
MANABI,Junín,Rural,Asiste,4539,0.0,324.0,362.0,2.0,2506,747,27.0,34.0,537.0,0.0,0.0
MANABI,Junín,Rural,No asiste,10453,1433.0,50.0,56.0,42.0,5469,2735,145.0,38.0,450.0,34.0,1.0
MANABI,Manta,Urbana,Asiste,80967,0.0,1965.0,5095.0,23.0,41614,13744,253.0,1040.0,17147.0,77.0,9.0
MANABI,Manta,Urbana,No asiste,177730,18020.0,490.0,510.0,249.0,52070,59537,706.0,2715.0,38055.0,4989.0,389.0
MANABI,Manta,Rural,Asiste,3943,0.0,337.0,340.0,3.0,2184,697,10.0,20.0,350.0,2.0,0.0
MANABI,Manta,Rural,No asiste,8505,1095.0,34.0,38.0,35.0,4593,2312,5.0,35.0,306.0,47.0,5.0
MANABI,Montecristi,Urbana,Asiste,24674,0.0,811.0,1487.0,4.0,13003,4156,81.0,321.0,4800.0,11.0,0.0
MANABI,Montecristi,Urbana,No asiste,46392,5451.0,178.0,152.0,101.0,15792,15852,386.0,552.0,7115.0,768.0,45.0
MANABI,Montecristi,Rural,Asiste,9519,0.0,563.0,752.0,1.0,5247,1522,47.0,88.0,1295.0,3.0,1.0
MANABI,Montecristi,Rural,No asiste,19352,2294.0,71.0,80.0,147.0,9314,5501,34.0,125.0,1668.0,115.0,3.0
MANABI,Paján,Urbana,Asiste,2703,0.0,186.0,160.0,2.0,1390,410,3.0,32.0,518.0,2.0,0.0
MANABI,Paján,Urbana,No asiste,4983,565.0,36.0,39.0,15.0,1626,1766,9.0,74.0,757.0,96.0,0.0
MANABI,Paján,Rural,Asiste,10250,0.0,1047.0,612.0,8.0,6017,1831,22.0,71.0,640.0,1.0,1.0
MANABI,Paján,Rural,No asiste,23943,4460.0,203.0,127.0,158.0,12457,5723,19.0,92.0,666.0,37.0,1.0
MANABI,Pichincha,Urbana,Asiste,1517,0.0,108.0,77.0,0.0,784,242,6.0,17.0,280.0,1.0,2.0
MANABI,Pichincha,Urbana,No asiste,2889,339.0,10.0,10.0,6.0,982,1099,5.0,35.0,364.0,37.0,2.0
MANABI,Pichincha,Rural,Asiste,8020,0.0,733.0,438.0,18.0,4870,1431,24.0,48.0,454.0,4.0,0.0
MANABI,Pichincha,Rural,No asiste,17954,3490.0,90.0,101.0,90.0,9606,4175,16.0,54.0,303.0,29.0,0.0
MANABI,Rocafuerte,Urbana,Asiste,4083,0.0,192.0,311.0,0.0,2007,580,15.0,34.0,940.0,4.0,0.0
MANABI,Rocafuerte,Urbana,No asiste,7765,588.0,17.0,16.0,12.0,2143,2517,28.0,116.0,2049.0,270.0,9.0
MANABI,Rocafuerte,Rural,Asiste,9944,0.0,807.0,784.0,15.0,5091,1655,11.0,38.0,1541.0,2.0,0.0
MANABI,Rocafuerte,Rural,No asiste,20896,1949.0,62.0,68.0,148.0,10346,6101,25.0,113.0,1894.0,183.0,7.0
MANABI,Santa Ana,Urbana,Asiste,3879,0.0,293.0,294.0,0.0,1905,561,4.0,44.0,775.0,3.0,0.0
MANABI,Santa Ana,Urbana,No asiste,8039,657.0,14.0,23.0,21.0,2645,2745,28.0,128.0,1573.0,196.0,9.0
MANABI,Santa Ana,Rural,Asiste,11781,0.0,1202.0,728.0,2.0,6781,2016,33.0,66.0,952.0,1.0,0.0
MANABI,Santa Ana,Rural,No asiste,27763,4797.0,106.0,94.0,311.0,13837,7250,26.0,190.0,1082.0,66.0,4.0
MANABI,Sucre,Urbana,Asiste,6930,0.0,222.0,437.0,1.0,3593,1240,10.0,37.0,1390.0,0.0,0.0
MANABI,Sucre,Urbana,No asiste,15279,1679.0,39.0,49.0,29.0,4443,5261,40.0,160.0,3157.0,397.0,25.0
MANABI,Sucre,Rural,Asiste,12814,0.0,940.0,825.0,12.0,7018,2213,12.0,55.0,1730.0,9.0,0.0
MANABI,Sucre,Rural,No asiste,27818,3338.0,162.0,109.0,161.0,13089,8176,165.0,139.0,2278.0,190.0,11.0
MANABI,Tosagua,Urbana,Asiste,3858,0.0,142.0,270.0,2.0,1900,670,8.0,26.0,837.0,1.0,2.0
MANABI,Tosagua,Urbana,No asiste,7459,766.0,21.0,31.0,16.0,2138,2794,17.0,55.0,1426.0,183.0,12.0
MANABI,Tosagua,Rural,Asiste,9682,0.0,829.0,673.0,12.0,5293,1560,16.0,43.0,1251.0,4.0,1.0
MANABI,Tosagua,Rural,No asiste,21854,2808.0,126.0,106.0,136.0,10902,6153,30.0,75.0,1372.0,137.0,9.0
MANABI,24 de Mayo,Urbana,Asiste,2175,0.0,133.0,132.0,1.0,1022,384,13.0,26.0,463.0,1.0,0.0
MANABI,24 de Mayo,Urbana,No asiste,4432,394.0,37.0,14.0,25.0,1471,1456,34.0,69.0,823.0,105.0,4.0
MANABI,24 de Mayo,Rural,Asiste,7368,0.0,786.0,423.0,3.0,4099,1300,14.0,73.0,669.0,1.0,0.0
MANABI,24 de Mayo,Rural,No asiste,17498,2880.0,69.0,86.0,180.0,9020,4445,13.0,105.0,661.0,39.0,0.0
MANABI,Pedernales,Urbana,Asiste,10088,0.0,473.0,706.0,3.0,5794,1658,25.0,58.0,1362.0,9.0,0.0
MANABI,Pedernales,Urbana,No asiste,16980,2906.0,136.0,66.0,57.0,5847,5816,158.0,83.0,1717.0,185.0,9.0
MANABI,Pedernales,Rural,Asiste,15126,0.0,1049.0,973.0,23.0,9523,2604,58.0,55.0,838.0,3.0,0.0
MANABI,Pedernales,Rural,No asiste,28214,6362.0,224.0,207.0,119.0,13597,6763,72.0,71.0,742.0,57.0,0.0
MANABI,Olmedo,Urbana,Asiste,909,0.0,84.0,65.0,0.0,450,166,0.0,4.0,138.0,1.0,1.0
MANABI,Olmedo,Urbana,No asiste,1775,166.0,7.0,6.0,22.0,625,662,11.0,42.0,217.0,16.0,1.0
MANABI,Olmedo,Rural,Asiste,2194,0.0,250.0,101.0,7.0,1238,367,13.0,43.0,175.0,0.0,0.0
MANABI,Olmedo,Rural,No asiste,5212,894.0,34.0,24.0,51.0,2621,1348,24.0,46.0,164.0,6.0,0.0
MANABI,Puerto López,Urbana,Asiste,4171,0.0,208.0,317.0,0.0,2478,700,5.0,13.0,447.0,3.0,0.0
MANABI,Puerto López,Urbana,No asiste,8427,1084.0,38.0,24.0,20.0,2884,3348,20.0,61.0,889.0,55.0,4.0
MANABI,Puerto López,Rural,Asiste,4136,0.0,269.0,248.0,2.0,2540,675,5.0,17.0,379.0,1.0,0.0
MANABI,Puerto López,Rural,No asiste,8896,1296.0,28.0,42.0,47.0,3670,3138,21.0,51.0,559.0,39.0,5.0
MANABI,Jama,Urbana,Asiste,1832,0.0,140.0,141.0,2.0,983,339,5.0,6.0,216.0,0.0,0.0
MANABI,Jama,Urbana,No asiste,3427,430.0,16.0,10.0,1.0,1185,1180,13.0,32.0,515.0,43.0,2.0
MANABI,Jama,Rural,Asiste,3921,0.0,406.0,310.0,1.0,2246,668,11.0,19.0,260.0,0.0,0.0
MANABI,Jama,Rural,No asiste,7408,1328.0,27.0,28.0,24.0,3564,2047,12.0,26.0,317.0,34.0,1.0
MANABI,Jaramijó,Urbana,Asiste,10210,0.0,820.0,598.0,15.0,5805,1704,21.0,137.0,1104.0,5.0,1.0
MANABI,Jaramijó,Urbana,No asiste,18187,2200.0,154.0,72.0,75.0,7895,5524,24.0,196.0,1801.0,237.0,9.0
MANABI,Jaramijó,Rural,Asiste,500,0.0,28.0,28.0,1.0,311,63,3.0,7.0,59.0,0.0,0.0
MANABI,Jaramijó,Rural,No asiste,862,133.0,4.0,2.0,4.0,282,188,5.0,91.0,138.0,14.0,1.0
MANABI,San Vicente,Urbana,Asiste,3391,0.0,149.0,250.0,0.0,1844,564,14.0,21.0,548.0,1.0,0.0
MANABI,San Vicente,Urbana,No asiste,7013,854.0,31.0,25.0,10.0,2473,2421,19.0,45.0,1003.0,123.0,9.0
MANABI,San Vicente,Rural,Asiste,4388,0.0,299.0,277.0,1.0,2613,739,13.0,25.0,421.0,0.0,0.0
MANABI,San Vicente,Rural,No asiste,10205,1740.0,74.0,71.0,34.0,4910,2502,310.0,56.0,461.0,45.0,2.0
MORONA SANTIAGO,Morona,Urbana,Asiste,8401,0.0,312.0,597.0,3.0,4409,1411,37.0,104.0,1509.0,17.0,2.0
MORONA SANTIAGO,Morona,Urbana,No asiste,13997,1338.0,29.0,40.0,16.0,3231,4901,80.0,339.0,3194.0,789.0,40.0
MORONA SANTIAGO,Morona,Rural,Asiste,12755,0.0,759.0,809.0,5.0,8095,2181,38.0,77.0,784.0,5.0,2.0
MORONA SANTIAGO,Morona,Rural,No asiste,19782,3106.0,171.0,55.0,48.0,7755,6858,57.0,224.0,1269.0,226.0,13.0
MORONA SANTIAGO,Gualaquiza,Urbana,Asiste,3136,0.0,94.0,190.0,0.0,1883,596,7.0,37.0,326.0,3.0,0.0
MORONA SANTIAGO,Gualaquiza,Urbana,No asiste,6021,676.0,19.0,14.0,12.0,1741,2217,28.0,126.0,980.0,199.0,9.0
MORONA SANTIAGO,Gualaquiza,Rural,Asiste,4686,0.0,243.0,359.0,0.0,3179,714,8.0,29.0,151.0,3.0,0.0
MORONA SANTIAGO,Gualaquiza,Rural,No asiste,8049,1231.0,31.0,61.0,109.0,3697,2471,19.0,47.0,338.0,44.0,1.0
MORONA SANTIAGO,Limón Indanza,Urbana,Asiste,1522,0.0,101.0,106.0,0.0,863,251,3.0,30.0,167.0,1.0,0.0
MORONA SANTIAGO,Limón Indanza,Urbana,No asiste,2460,154.0,24.0,5.0,12.0,772,798,12.0,139.0,454.0,89.0,1.0
MORONA SANTIAGO,Limón Indanza,Rural,Asiste,2135,0.0,176.0,105.0,0.0,1392,333,1.0,29.0,99.0,0.0,0.0
MORONA SANTIAGO,Limón Indanza,Rural,No asiste,3485,703.0,31.0,36.0,16.0,1508,959,4.0,51.0,147.0,29.0,1.0
MORONA SANTIAGO,Palora,Urbana,Asiste,1814,0.0,114.0,150.0,0.0,1068,280,3.0,17.0,180.0,1.0,1.0
MORONA SANTIAGO,Palora,Urbana,No asiste,3934,386.0,23.0,16.0,1.0,1171,1511,9.0,71.0,685.0,60.0,1.0
MORONA SANTIAGO,Palora,Rural,Asiste,2196,0.0,151.0,147.0,1.0,1475,311,4.0,18.0,87.0,2.0,0.0
MORONA SANTIAGO,Palora,Rural,No asiste,3938,655.0,27.0,6.0,6.0,1743,1255,5.0,19.0,201.0,20.0,1.0
MORONA SANTIAGO,Santiago,Urbana,Asiste,742,0.0,39.0,59.0,0.0,424,135,2.0,10.0,72.0,1.0,0.0
MORONA SANTIAGO,Santiago,Urbana,No asiste,1607,120.0,0.0,4.0,4.0,433,662,11.0,29.0,288.0,53.0,3.0
MORONA SANTIAGO,Santiago,Rural,Asiste,2834,0.0,206.0,126.0,1.0,1808,484,2.0,27.0,179.0,1.0,0.0
MORONA SANTIAGO,Santiago,Rural,No asiste,4572,611.0,34.0,21.0,6.0,2005,1501,9.0,74.0,275.0,36.0,0.0
MORONA SANTIAGO,Sucúa,Urbana,Asiste,3800,0.0,143.0,276.0,4.0,2200,712,21.0,58.0,380.0,6.0,0.0
MORONA SANTIAGO,Sucúa,Urbana,No asiste,7046,712.0,36.0,19.0,18.0,2130,2487,28.0,198.0,1168.0,243.0,7.0
MORONA SANTIAGO,Sucúa,Rural,Asiste,4717,0.0,291.0,298.0,2.0,3080,826,12.0,33.0,173.0,2.0,0.0
MORONA SANTIAGO,Sucúa,Rural,No asiste,7941,1535.0,27.0,23.0,9.0,3432,2465,8.0,92.0,297.0,51.0,2.0
MORONA SANTIAGO,Huamboya,Urbana,Asiste,539,0.0,39.0,31.0,4.0,297,79,3.0,8.0,78.0,0.0,0.0
MORONA SANTIAGO,Huamboya,Urbana,No asiste,773,76.0,3.0,1.0,0.0,212,301,2.0,25.0,136.0,16.0,1.0
MORONA SANTIAGO,Huamboya,Rural,Asiste,4444,0.0,576.0,275.0,3.0,2768,625,12.0,23.0,162.0,0.0,0.0
MORONA SANTIAGO,Huamboya,Rural,No asiste,5074,652.0,104.0,34.0,6.0,2118,1821,11.0,64.0,241.0,20.0,3.0
MORONA SANTIAGO,San Juan Bosco,Urbana,Asiste,626,0.0,28.0,55.0,0.0,348,120,1.0,3.0,71.0,0.0,0.0
MORONA SANTIAGO,San Juan Bosco,Urbana,No asiste,987,73.0,2.0,1.0,7.0,349,350,6.0,10.0,166.0,22.0,1.0
MORONA SANTIAGO,San Juan Bosco,Rural,Asiste,1158,0.0,76.0,48.0,1.0,782,190,3.0,6.0,52.0,0.0,0.0
MORONA SANTIAGO,San Juan Bosco,Rural,No asiste,1601,307.0,10.0,4.0,13.0,760,445,1.0,8.0,48.0,4.0,1.0
MORONA SANTIAGO,Taisha,Urbana,Asiste,692,0.0,49.0,60.0,0.0,424,103,2.0,7.0,46.0,1.0,0.0
MORONA SANTIAGO,Taisha,Urbana,No asiste,1172,180.0,10.0,7.0,3.0,251,474,0.0,47.0,162.0,35.0,3.0
MORONA SANTIAGO,Taisha,Rural,Asiste,10656,0.0,1131.0,476.0,4.0,7423,1175,18.0,36.0,390.0,1.0,2.0
MORONA SANTIAGO,Taisha,Rural,No asiste,14180,4124.0,266.0,58.0,29.0,4993,4104,57.0,125.0,407.0,17.0,0.0
MORONA SANTIAGO,Logroño,Urbana,Asiste,497,0.0,8.0,31.0,0.0,298,107,0.0,3.0,50.0,0.0,0.0
MORONA SANTIAGO,Logroño,Urbana,No asiste,885,81.0,20.0,1.0,2.0,325,318,3.0,15.0,106.0,14.0,0.0
MORONA SANTIAGO,Logroño,Rural,Asiste,2719,0.0,327.0,159.0,25.0,1757,378,2.0,16.0,54.0,1.0,0.0
MORONA SANTIAGO,Logroño,Rural,No asiste,3383,537.0,34.0,13.0,8.0,1501,1162,3.0,27.0,89.0,9.0,0.0
MORONA SANTIAGO,Pablo Sexto,Urbana,Asiste,382,0.0,37.0,31.0,0.0,173,85,0.0,2.0,54.0,0.0,0.0
MORONA SANTIAGO,Pablo Sexto,Urbana,No asiste,649,62.0,2.0,0.0,2.0,201,211,3.0,12.0,132.0,22.0,2.0
MORONA SANTIAGO,Pablo Sexto,Rural,Asiste,565,0.0,68.0,34.0,1.0,340,107,1.0,2.0,12.0,0.0,0.0
MORONA SANTIAGO,Pablo Sexto,Rural,No asiste,671,129.0,2.0,12.0,7.0,295,198,1.0,4.0,19.0,4.0,0.0
MORONA SANTIAGO,Tiwintza,Urbana,Asiste,466,0.0,39.0,37.0,0.0,271,57,0.0,6.0,56.0,0.0,0.0
MORONA SANTIAGO,Tiwintza,Urbana,No asiste,688,71.0,3.0,0.0,0.0,186,293,0.0,40.0,84.0,11.0,0.0
MORONA SANTIAGO,Tiwintza,Rural,Asiste,3792,0.0,453.0,224.0,4.0,2578,451,1.0,8.0,73.0,0.0,0.0
MORONA SANTIAGO,Tiwintza,Rural,No asiste,4339,685.0,70.0,22.0,4.0,2149,1243,16.0,30.0,108.0,11.0,1.0
NAPO,Tena,Urbana,Asiste,11161,0.0,529.0,806.0,6.0,5542,1716,38.0,406.0,2087.0,29.0,2.0
NAPO,Tena,Urbana,No asiste,18563,1354.0,50.0,21.0,35.0,3271,7262,110.0,1016.0,4368.0,1003.0,73.0
NAPO,Tena,Rural,Asiste,21071,0.0,1506.0,1542.0,8.0,12734,3613,35.0,481.0,1143.0,9.0,0.0
NAPO,Tena,Rural,No asiste,30021,3493.0,123.0,76.0,113.0,11130,11959,113.0,699.0,2049.0,240.0,26.0
NAPO,Archidona,Urbana,Asiste,2914,0.0,191.0,219.0,1.0,1508,463,14.0,117.0,397.0,3.0,1.0
NAPO,Archidona,Urbana,No asiste,4439,331.0,9.0,2.0,14.0,792,1917,28.0,237.0,925.0,176.0,8.0
NAPO,Archidona,Rural,Asiste,9819,0.0,923.0,745.0,6.0,5671,1710,17.0,206.0,541.0,0.0,0.0
NAPO,Archidona,Rural,No asiste,13316,1358.0,59.0,23.0,105.0,4729,5904,21.0,280.0,785.0,50.0,2.0
NAPO,El Chaco,Urbana,Asiste,1538,0.0,67.0,105.0,0.0,787,280,12.0,55.0,229.0,3.0,0.0
NAPO,El Chaco,Urbana,No asiste,2815,184.0,12.0,5.0,6.0,742,1139,13.0,135.0,478.0,98.0,3.0
NAPO,El Chaco,Rural,Asiste,1692,0.0,99.0,124.0,0.0,871,340,6.0,53.0,196.0,3.0,0.0
NAPO,El Chaco,Rural,No asiste,3207,304.0,11.0,10.0,20.0,1154,1320,8.0,113.0,238.0,25.0,4.0
NAPO,Quijos,Urbana,Asiste,676,0.0,21.0,37.0,0.0,345,138,2.0,20.0,113.0,0.0,0.0
NAPO,Quijos,Urbana,No asiste,1296,108.0,4.0,4.0,5.0,354,467,7.0,43.0,248.0,52.0,4.0
NAPO,Quijos,Rural,Asiste,1556,0.0,34.0,113.0,0.0,819,278,16.0,75.0,217.0,4.0,0.0
NAPO,Quijos,Rural,No asiste,2944,235.0,9.0,5.0,8.0,1043,1012,32.0,140.0,393.0,62.0,5.0
NAPO,Carlos Julio Arosemena Tola,Urbana,Asiste,451,0.0,31.0,28.0,0.0,239,76,0.0,17.0,60.0,0.0,0.0
NAPO,Carlos Julio Arosemena Tola,Urbana,No asiste,822,86.0,0.0,0.0,4.0,203,332,1.0,32.0,145.0,18.0,1.0
NAPO,Carlos Julio Arosemena Tola,Rural,Asiste,1185,0.0,65.0,80.0,0.0,750,181,3.0,24.0,82.0,0.0,0.0
NAPO,Carlos Julio Arosemena Tola,Rural,No asiste,2189,317.0,6.0,8.0,2.0,843,850,8.0,35.0,109.0,10.0,1.0
PASTAZA,Pastaza,Urbana,Asiste,11693,0.0,492.0,745.0,1.0,5917,1998,68.0,305.0,2136.0,30.0,1.0
PASTAZA,Pastaza,Urbana,No asiste,21632,1646.0,99.0,32.0,14.0,4478,7583,190.0,868.0,5534.0,1095.0,93.0
PASTAZA,Pastaza,Rural,Asiste,19427,0.0,759.0,1231.0,10.0,12416,3103,41.0,319.0,1535.0,11.0,2.0
PASTAZA,Pastaza,Rural,No asiste,30002,5720.0,113.0,117.0,91.0,10056,9586,101.0,648.0,3017.0,507.0,46.0
PASTAZA,Mera,Urbana,Asiste,274,0.0,8.0,30.0,0.0,121,50,0.0,11.0,53.0,1.0,0.0
PASTAZA,Mera,Urbana,No asiste,579,36.0,2.0,0.0,1.0,168,177,4.0,22.0,139.0,28.0,2.0
PASTAZA,Mera,Rural,Asiste,5531,0.0,271.0,401.0,3.0,3185,948,8.0,103.0,607.0,5.0,0.0
PASTAZA,Mera,Rural,No asiste,8703,1060.0,37.0,24.0,28.0,2238,3452,23.0,403.0,1237.0,187.0,14.0
PASTAZA,Santa Clara,Urbana,Asiste,698,0.0,35.0,55.0,2.0,375,125,0.0,12.0,92.0,2.0,0.0
PASTAZA,Santa Clara,Urbana,No asiste,1133,118.0,9.0,1.0,0.0,270,470,3.0,38.0,197.0,26.0,1.0
PASTAZA,Santa Clara,Rural,Asiste,876,0.0,37.0,45.0,3.0,544,143,3.0,21.0,78.0,2.0,0.0
PASTAZA,Santa Clara,Rural,No asiste,1814,245.0,18.0,6.0,24.0,714,608,4.0,39.0,143.0,13.0,0.0
PASTAZA,Arajuno,Urbana,Asiste,1028,0.0,63.0,72.0,0.0,571,173,4.0,24.0,121.0,0.0,0.0
PASTAZA,Arajuno,Urbana,No asiste,1349,181.0,4.0,2.0,6.0,314,562,7.0,44.0,209.0,20.0,0.0
PASTAZA,Arajuno,Rural,Asiste,3189,0.0,185.0,253.0,0.0,2141,490,8.0,22.0,90.0,0.0,0.0
PASTAZA,Arajuno,Rural,No asiste,3987,800.0,26.0,15.0,20.0,1615,1259,12.0,63.0,168.0,9.0,0.0
PICHINCHA,Distrito Metropolitano de Quito,Urbana,Asiste,549818,0.0,11196.0,29559.0,118.0,252511,91431,1918.0,19303.0,141626.0,2008.0,148.0
PICHINCHA,Distrito Metropolitano de Quito,Urbana,No asiste,1213457,79428.0,1397.0,1856.0,1227.0,280330,397198,7308.0,61208.0,302377.0,74695.0,6433.0
PICHINCHA,Distrito Metropolitano de Quito,Rural,Asiste,297923,0.0,6100.0,17311.0,62.0,142607,51373,848.0,9477.0,69200.0,860.0,85.0
PICHINCHA,Distrito Metropolitano de Quito,Rural,No asiste,618524,47050.0,819.0,1091.0,1183.0,165272,196588,3249.0,28140.0,136848.0,35292.0,2992.0
PICHINCHA,Cayambe,Urbana,Asiste,15503,0.0,546.0,1003.0,1.0,7225,2767,77.0,569.0,3285.0,26.0,4.0
PICHINCHA,Cayambe,Urbana,No asiste,29056,2566.0,40.0,51.0,54.0,8377,10569,339.0,1394.0,4964.0,673.0,29.0
PICHINCHA,Cayambe,Rural,Asiste,21146,0.0,709.0,1324.0,5.0,11046,4179,96.0,833.0,2937.0,16.0,1.0
PICHINCHA,Cayambe,Rural,No asiste,39562,6329.0,67.0,82.0,462.0,16017,12132,273.0,1231.0,2695.0,257.0,17.0
PICHINCHA,Mejía,Urbana,Asiste,7880,0.0,112.0,483.0,0.0,3895,1326,41.0,224.0,1788.0,8.0,3.0
PICHINCHA,Mejía,Urbana,No asiste,16308,1451.0,14.0,26.0,38.0,4421,5653,158.0,856.0,3209.0,472.0,10.0
PICHINCHA,Mejía,Rural,Asiste,25815,0.0,434.0,1436.0,8.0,13595,5005,114.0,848.0,4330.0,43.0,2.0
PICHINCHA,Mejía,Rural,No asiste,51891,6489.0,68.0,157.0,200.0,18516,17839,287.0,2196.0,5433.0,679.0,27.0
PICHINCHA,Pedro Moncayo,Urbana,Asiste,4344,0.0,180.0,295.0,0.0,2311,756,13.0,121.0,662.0,6.0,0.0
PICHINCHA,Pedro Moncayo,Urbana,No asiste,8675,880.0,34.0,32.0,12.0,2724,3497,18.0,296.0,1039.0,133.0,10.0
PICHINCHA,Pedro Moncayo,Rural,Asiste,9026,0.0,344.0,588.0,2.0,4738,1826,23.0,303.0,1192.0,10.0,0.0
PICHINCHA,Pedro Moncayo,Rural,No asiste,18438,2363.0,74.0,67.0,166.0,7743,5989,26.0,505.0,1357.0,141.0,7.0
PICHINCHA,Rumiñahui,Urbana,Asiste,29606,0.0,412.0,1698.0,8.0,13408,4749,113.0,886.0,8178.0,135.0,19.0
PICHINCHA,Rumiñahui,Urbana,No asiste,67041,3763.0,50.0,97.0,64.0,12497,19950,567.0,3575.0,20742.0,5320.0,416.0
PICHINCHA,Rumiñahui,Rural,Asiste,3454,0.0,41.0,225.0,1.0,1660,693,15.0,135.0,677.0,6.0,1.0
PICHINCHA,Rumiñahui,Rural,No asiste,7803,731.0,7.0,11.0,21.0,2883,2646,78.0,366.0,938.0,117.0,5.0
PICHINCHA,San Miguel de los Bancos,Urbana,Asiste,2022,0.0,52.0,140.0,5.0,1022,324,2.0,70.0,402.0,4.0,1.0
PICHINCHA,San Miguel de los Bancos,Urbana,No asiste,3374,429.0,9.0,12.0,6.0,1116,1242,25.0,149.0,331.0,53.0,2.0
PICHINCHA,San Miguel de los Bancos,Rural,Asiste,2685,0.0,88.0,121.0,1.0,1460,556,6.0,45.0,404.0,4.0,0.0
PICHINCHA,San Miguel de los Bancos,Rural,No asiste,5580,773.0,10.0,21.0,6.0,2433,1795,9.0,115.0,367.0,47.0,4.0
PICHINCHA,Pedro Vicente Maldonado,Urbana,Asiste,2497,0.0,104.0,178.0,0.0,1394,497,1.0,81.0,240.0,2.0,0.0
PICHINCHA,Pedro Vicente Maldonado,Urbana,No asiste,4665,510.0,25.0,12.0,9.0,1473,1841,7.0,211.0,463.0,110.0,4.0
PICHINCHA,Pedro Vicente Maldonado,Rural,Asiste,2696,0.0,175.0,175.0,0.0,1751,428,9.0,35.0,123.0,0.0,0.0
PICHINCHA,Pedro Vicente Maldonado,Rural,No asiste,5617,901.0,34.0,28.0,16.0,2695,1582,6.0,66.0,263.0,24.0,2.0
PICHINCHA,Puerto Quito,Urbana,Asiste,1389,0.0,38.0,80.0,0.0,725,239,2.0,55.0,248.0,2.0,0.0
PICHINCHA,Puerto Quito,Urbana,No asiste,2444,298.0,9.0,8.0,11.0,755,869,6.0,114.0,295.0,76.0,3.0
PICHINCHA,Puerto Quito,Rural,Asiste,6776,0.0,271.0,343.0,3.0,4138,1302,10.0,89.0,616.0,4.0,0.0
PICHINCHA,Puerto Quito,Rural,No asiste,14458,2162.0,47.0,43.0,40.0,6691,4679,30.0,172.0,525.0,65.0,4.0
TUNGURAHUA,Ambato,Urbana,Asiste,53604,0.0,892.0,2824.0,15.0,25948,8662,178.0,1259.0,13624.0,185.0,17.0
TUNGURAHUA,Ambato,Urbana,No asiste,123712,8697.0,199.0,206.0,183.0,29445,35255,781.0,4307.0,35594.0,8266.0,779.0
TUNGURAHUA,Ambato,Rural,Asiste,62053,0.0,1873.0,3583.0,21.0,32905,11174,201.0,1365.0,10843.0,83.0,5.0
TUNGURAHUA,Ambato,Rural,No asiste,131295,17012.0,426.0,270.0,1926.0,54512,34411,399.0,3102.0,16200.0,2857.0,180.0
TUNGURAHUA,Baños de Agua Santa,Urbana,Asiste,4142,0.0,29.0,254.0,0.0,2084,748,8.0,165.0,847.0,7.0,0.0
TUNGURAHUA,Baños de Agua Santa,Urbana,No asiste,9958,680.0,11.0,24.0,22.0,2508,3424,33.0,569.0,2312.0,353.0,22.0
TUNGURAHUA,Baños de Agua Santa,Rural,Asiste,2212,0.0,34.0,127.0,1.0,1131,466,4.0,82.0,363.0,4.0,0.0
TUNGURAHUA,Baños de Agua Santa,Rural,No asiste,5596,479.0,5.0,7.0,31.0,2469,1721,18.0,201.0,611.0,49.0,5.0
TUNGURAHUA,Cevallos,Urbana,Asiste,1229,0.0,28.0,96.0,0.0,617,189,2.0,14.0,281.0,2.0,0.0
TUNGURAHUA,Cevallos,Urbana,No asiste,2525,160.0,4.0,4.0,3.0,833,792,13.0,69.0,548.0,94.0,5.0
TUNGURAHUA,Cevallos,Rural,Asiste,2086,0.0,84.0,137.0,2.0,1073,357,6.0,39.0,386.0,2.0,0.0
TUNGURAHUA,Cevallos,Rural,No asiste,4593,308.0,8.0,9.0,14.0,2116,1347,8.0,133.0,545.0,97.0,8.0
TUNGURAHUA,Mocha,Urbana,Asiste,466,0.0,11.0,30.0,2.0,258,79,0.0,7.0,79.0,0.0,0.0
TUNGURAHUA,Mocha,Urbana,No asiste,1050,72.0,2.0,7.0,4.0,469,341,1.0,30.0,117.0,7.0,0.0
TUNGURAHUA,Mocha,Rural,Asiste,1565,0.0,61.0,93.0,1.0,847,284,1.0,40.0,236.0,2.0,0.0
TUNGURAHUA,Mocha,Rural,No asiste,4179,309.0,10.0,5.0,9.0,2231,1127,4.0,76.0,374.0,31.0,3.0
TUNGURAHUA,Patate,Urbana,Asiste,768,0.0,22.0,49.0,0.0,346,113,3.0,45.0,189.0,1.0,0.0
TUNGURAHUA,Patate,Urbana,No asiste,1746,141.0,2.0,1.0,2.0,446,580,12.0,92.0,400.0,65.0,5.0
TUNGURAHUA,Patate,Rural,Asiste,3522,0.0,144.0,221.0,1.0,1956,669,5.0,129.0,394.0,3.0,0.0
TUNGURAHUA,Patate,Rural,No asiste,7843,956.0,19.0,11.0,53.0,3721,2258,10.0,195.0,569.0,48.0,3.0
TUNGURAHUA,Quero,Urbana,Asiste,1011,0.0,29.0,72.0,0.0,492,160,10.0,16.0,231.0,1.0,0.0
TUNGURAHUA,Quero,Urbana,No asiste,2258,207.0,10.0,8.0,11.0,830,645,9.0,66.0,412.0,59.0,1.0
TUNGURAHUA,Quero,Rural,Asiste,4652,0.0,217.0,317.0,2.0,2595,876,25.0,116.0,504.0,0.0,0.0
TUNGURAHUA,Quero,Rural,No asiste,11163,1259.0,26.0,17.0,176.0,6443,2617,19.0,119.0,438.0,48.0,1.0
TUNGURAHUA,San Pedro de Pelileo,Urbana,Asiste,3704,0.0,71.0,243.0,0.0,1807,613,20.0,85.0,860.0,5.0,0.0
TUNGURAHUA,San Pedro de Pelileo,Urbana,No asiste,7699,539.0,15.0,13.0,18.0,2299,2190,47.0,313.0,1986.0,257.0,22.0
TUNGURAHUA,San Pedro de Pelileo,Rural,Asiste,16746,0.0,570.0,1117.0,2.0,8891,3006,69.0,447.0,2637.0,6.0,1.0
TUNGURAHUA,San Pedro de Pelileo,Rural,No asiste,35748,3868.0,144.0,54.0,424.0,17388,9310,57.0,1020.0,3106.0,367.0,10.0
TUNGURAHUA,Santiago de Píllaro,Urbana,Asiste,3157,0.0,75.0,216.0,0.0,1589,534,18.0,82.0,639.0,4.0,0.0
TUNGURAHUA,Santiago de Píllaro,Urbana,No asiste,6659,533.0,6.0,13.0,16.0,1762,1886,36.0,359.0,1742.0,289.0,17.0
TUNGURAHUA,Santiago de Píllaro,Rural,Asiste,9537,0.0,282.0,542.0,2.0,5029,1791,47.0,365.0,1468.0,10.0,1.0
TUNGURAHUA,Santiago de Píllaro,Rural,No asiste,23144,3036.0,67.0,44.0,322.0,11220,5754,85.0,817.0,1601.0,192.0,6.0
TUNGURAHUA,Tisaleo,Urbana,Asiste,503,0.0,32.0,26.0,0.0,252,75,1.0,9.0,108.0,0.0,0.0
TUNGURAHUA,Tisaleo,Urbana,No asiste,1058,81.0,3.0,1.0,2.0,491,278,1.0,20.0,156.0,25.0,0.0
TUNGURAHUA,Tisaleo,Rural,Asiste,3686,0.0,174.0,227.0,2.0,1923,673,9.0,99.0,579.0,0.0,0.0
TUNGURAHUA,Tisaleo,Rural,No asiste,8663,735.0,22.0,6.0,55.0,4668,2129,24.0,162.0,775.0,86.0,1.0
ZAMORA CHINCHIPE,Zamora,Urbana,Asiste,5758,0.0,143.0,424.0,10.0,3120,975,11.0,137.0,926.0,12.0,0.0
ZAMORA CHINCHIPE,Zamora,Urbana,No asiste,11826,1029.0,26.0,31.0,28.0,2232,4206,50.0,479.0,3199.0,521.0,25.0
ZAMORA CHINCHIPE,Zamora,Rural,Asiste,3778,0.0,117.0,226.0,4.0,2232,747,7.0,60.0,384.0,1.0,0.0
ZAMORA CHINCHIPE,Zamora,Rural,No asiste,8824,1124.0,23.0,82.0,43.0,3502,2940,31.0,156.0,838.0,77.0,8.0
ZAMORA CHINCHIPE,Chinchipe,Urbana,Asiste,1378,0.0,29.0,102.0,6.0,786,257,2.0,14.0,181.0,1.0,0.0
ZAMORA CHINCHIPE,Chinchipe,Urbana,No asiste,2776,249.0,11.0,12.0,3.0,655,1074,17.0,116.0,570.0,68.0,1.0
ZAMORA CHINCHIPE,Chinchipe,Rural,Asiste,1884,0.0,9.0,77.0,0.0,1321,337,1.0,14.0,125.0,0.0,0.0
ZAMORA CHINCHIPE,Chinchipe,Rural,No asiste,4299,576.0,19.0,4.0,25.0,2093,1335,3.0,51.0,174.0,19.0,0.0
ZAMORA CHINCHIPE,Nangaritza,Urbana,Asiste,986,0.0,34.0,73.0,1.0,534,166,3.0,18.0,157.0,0.0,0.0
ZAMORA CHINCHIPE,Nangaritza,Urbana,No asiste,1533,169.0,4.0,5.0,4.0,498,550,4.0,29.0,244.0,26.0,0.0
ZAMORA CHINCHIPE,Nangaritza,Rural,Asiste,1386,0.0,71.0,76.0,0.0,917,215,3.0,11.0,91.0,2.0,0.0
ZAMORA CHINCHIPE,Nangaritza,Rural,No asiste,2524,442.0,13.0,8.0,16.0,1104,817,0.0,16.0,98.0,10.0,0.0
ZAMORA CHINCHIPE,Yacuambi,Urbana,Asiste,638,0.0,31.0,37.0,0.0,376,110,0.0,4.0,80.0,0.0,0.0
ZAMORA CHINCHIPE,Yacuambi,Urbana,No asiste,988,90.0,8.0,3.0,1.0,222,452,1.0,17.0,179.0,15.0,0.0
ZAMORA CHINCHIPE,Yacuambi,Rural,Asiste,1722,0.0,118.0,102.0,0.0,1039,313,8.0,9.0,133.0,0.0,0.0
ZAMORA CHINCHIPE,Yacuambi,Rural,No asiste,3043,515.0,35.0,15.0,20.0,1326,952,5.0,26.0,137.0,12.0,0.0
ZAMORA CHINCHIPE,Yantzaza,Urbana,Asiste,4700,0.0,72.0,313.0,0.0,2719,877,19.0,84.0,606.0,10.0,0.0
ZAMORA CHINCHIPE,Yantzaza,Urbana,No asiste,8635,987.0,13.0,14.0,22.0,2401,3123,134.0,271.0,1442.0,222.0,6.0
ZAMORA CHINCHIPE,Yantzaza,Rural,Asiste,3535,0.0,118.0,197.0,0.0,2148,712,3.0,35.0,322.0,0.0,0.0
ZAMORA CHINCHIPE,Yantzaza,Rural,No asiste,6500,975.0,11.0,12.0,36.0,2652,2244,24.0,97.0,416.0,32.0,1.0
ZAMORA CHINCHIPE,El Pangui,Urbana,Asiste,1883,0.0,62.0,134.0,0.0,1099,309,0.0,27.0,250.0,2.0,0.0
ZAMORA CHINCHIPE,El Pangui,Urbana,No asiste,3457,436.0,10.0,10.0,9.0,1105,1194,4.0,62.0,556.0,68.0,3.0
ZAMORA CHINCHIPE,El Pangui,Rural,Asiste,2641,0.0,30.0,172.0,0.0,1746,510,0.0,13.0,170.0,0.0,0.0
ZAMORA CHINCHIPE,El Pangui,Rural,No asiste,4787,752.0,20.0,12.0,22.0,2109,1505,13.0,51.0,273.0,30.0,0.0
ZAMORA CHINCHIPE,Centinela del Cóndor,Urbana,Asiste,973,0.0,9.0,58.0,0.0,553,178,4.0,25.0,143.0,2.0,1.0
ZAMORA CHINCHIPE,Centinela del Cóndor,Urbana,No asiste,1957,196.0,8.0,9.0,2.0,553,720,9.0,68.0,348.0,44.0,0.0
ZAMORA CHINCHIPE,Centinela del Cóndor,Rural,Asiste,1678,0.0,43.0,112.0,0.0,999,338,4.0,24.0,157.0,0.0,1.0
ZAMORA CHINCHIPE,Centinela del Cóndor,Rural,No asiste,3274,403.0,12.0,11.0,25.0,1420,1093,3.0,47.0,236.0,24.0,0.0
ZAMORA CHINCHIPE,Palanda,Urbana,Asiste,864,0.0,27.0,57.0,1.0,479,185,4.0,8.0,102.0,1.0,0.0
ZAMORA CHINCHIPE,Palanda,Urbana,No asiste,1489,141.0,8.0,1.0,1.0,451,578,2.0,43.0,232.0,32.0,0.0
ZAMORA CHINCHIPE,Palanda,Rural,Asiste,2158,0.0,101.0,83.0,0.0,1347,445,3.0,20.0,158.0,1.0,0.0
ZAMORA CHINCHIPE,Palanda,Rural,No asiste,4362,499.0,44.0,4.0,34.0,2133,1376,1.0,57.0,195.0,19.0,0.0
ZAMORA CHINCHIPE,Paquisha,Urbana,Asiste,576,0.0,13.0,39.0,3.0,331,112,1.0,13.0,64.0,0.0,0.0
ZAMORA CHINCHIPE,Paquisha,Urbana,No asiste,1007,97.0,7.0,6.0,4.0,284,388,4.0,50.0,139.0,27.0,1.0
ZAMORA CHINCHIPE,Paquisha,Rural,Asiste,1136,0.0,42.0,59.0,1.0,745,192,1.0,9.0,87.0,0.0,0.0
ZAMORA CHINCHIPE,Paquisha,Rural,No asiste,2018,281.0,13.0,15.0,8.0,897,691,2.0,26.0,82.0,3.0,0.0
GALAPAGOS,San Cristóbal,Urbana,Asiste,2369,0.0,78.0,179.0,0.0,1172,408,11.0,72.0,443.0,6.0,0.0
GALAPAGOS,San Cristóbal,Urbana,No asiste,4921,271.0,22.0,10.0,2.0,832,1822,84.0,275.0,1282.0,288.0,33.0
GALAPAGOS,San Cristóbal,Rural,Asiste,318,0.0,8.0,20.0,0.0,169,58,0.0,14.0,49.0,0.0,0.0
GALAPAGOS,San Cristóbal,Rural,No asiste,692,52.0,0.0,4.0,0.0,205,237,31.0,39.0,102.0,19.0,3.0
GALAPAGOS,Isabela,Urbana,Asiste,913,0.0,36.0,85.0,0.0,488,151,7.0,38.0,104.0,4.0,0.0
GALAPAGOS,Isabela,Urbana,No asiste,1842,121.0,6.0,0.0,0.0,369,833,13.0,99.0,357.0,42.0,2.0
GALAPAGOS,Isabela,Rural,Asiste,60,0.0,1.0,6.0,0.0,34,16,0.0,1.0,2.0,0.0,0.0
GALAPAGOS,Isabela,Rural,No asiste,235,16.0,1.0,1.0,0.0,121,74,0.0,4.0,17.0,1.0,0.0
GALAPAGOS,Santa Cruz,Urbana,Asiste,3908,0.0,76.0,257.0,1.0,2115,687,11.0,129.0,623.0,9.0,0.0
GALAPAGOS,Santa Cruz,Urbana,No asiste,8788,627.0,21.0,17.0,8.0,1792,3493,129.0,363.0,1968.0,347.0,23.0
GALAPAGOS,Santa Cruz,Rural,Asiste,1461,0.0,35.0,77.0,0.0,819,287,8.0,45.0,185.0,5.0,0.0
GALAPAGOS,Santa Cruz,Rural,No asiste,3076,237.0,16.0,2.0,3.0,963,1196,7.0,112.0,439.0,88.0,13.0
SUCUMBIOS,Lago Agrio,Urbana,Asiste,19925,0.0,588.0,1214.0,5.0,10628,3730,93.0,775.0,2857.0,32.0,3.0
SUCUMBIOS,Lago Agrio,Urbana,No asiste,35702,3564.0,122.0,114.0,44.0,8782,15300,165.0,1368.0,5343.0,861.0,39.0
SUCUMBIOS,Lago Agrio,Rural,Asiste,17643,0.0,921.0,929.0,6.0,10800,3223,33.0,464.0,1255.0,8.0,4.0
SUCUMBIOS,Lago Agrio,Rural,No asiste,31774,3864.0,203.0,129.0,74.0,13101,12092,82.0,582.0,1524.0,118.0,5.0
SUCUMBIOS,Gonzalo Pizarro,Urbana,Asiste,778,0.0,41.0,65.0,0.0,388,136,1.0,35.0,110.0,1.0,1.0
SUCUMBIOS,Gonzalo Pizarro,Urbana,No asiste,1305,89.0,4.0,4.0,0.0,310,597,2.0,70.0,206.0,23.0,0.0
SUCUMBIOS,Gonzalo Pizarro,Rural,Asiste,3225,0.0,159.0,224.0,0.0,1930,611,5.0,62.0,232.0,2.0,0.0
SUCUMBIOS,Gonzalo Pizarro,Rural,No asiste,5048,562.0,32.0,30.0,62.0,1928,1956,8.0,109.0,320.0,39.0,2.0
SUCUMBIOS,Putumayo,Urbana,Asiste,770,0.0,27.0,60.0,0.0,448,150,2.0,14.0,69.0,0.0,0.0
SUCUMBIOS,Putumayo,Urbana,No asiste,1242,154.0,5.0,3.0,2.0,367,490,10.0,69.0,129.0,11.0,2.0
SUCUMBIOS,Putumayo,Rural,Asiste,2480,0.0,116.0,122.0,0.0,1549,499,4.0,41.0,148.0,1.0,0.0
SUCUMBIOS,Putumayo,Rural,No asiste,4526,709.0,33.0,42.0,10.0,1780,1636,104.0,57.0,142.0,12.0,1.0
SUCUMBIOS,Shushufindi,Urbana,Asiste,5782,0.0,104.0,400.0,4.0,3233,1107,31.0,287.0,609.0,7.0,0.0
SUCUMBIOS,Shushufindi,Urbana,No asiste,10546,1147.0,24.0,30.0,10.0,2542,4863,27.0,532.0,1194.0,170.0,7.0
SUCUMBIOS,Shushufindi,Rural,Asiste,11860,0.0,377.0,672.0,22.0,7429,2393,25.0,311.0,625.0,6.0,0.0
SUCUMBIOS,Shushufindi,Rural,No asiste,22638,3232.0,89.0,63.0,62.0,8983,8482,312.0,463.0,879.0,72.0,1.0
SUCUMBIOS,Sucumbíos,Urbana,Asiste,281,0.0,25.0,20.0,0.0,143,42,0.0,6.0,45.0,0.0,0.0
SUCUMBIOS,Sucumbíos,Urbana,No asiste,465,17.0,2.0,0.0,2.0,145,220,0.0,10.0,58.0,11.0,0.0
SUCUMBIOS,Sucumbíos,Rural,Asiste,739,0.0,19.0,35.0,0.0,396,162,3.0,9.0,115.0,0.0,0.0
SUCUMBIOS,Sucumbíos,Rural,No asiste,1689,153.0,4.0,7.0,3.0,736,628,4.0,25.0,123.0,6.0,0.0
SUCUMBIOS,Cascales,Urbana,Asiste,978,0.0,50.0,76.0,0.0,498,166,14.0,34.0,137.0,2.0,1.0
SUCUMBIOS,Cascales,Urbana,No asiste,1532,115.0,0.0,2.0,8.0,352,662,8.0,68.0,257.0,57.0,3.0
SUCUMBIOS,Cascales,Rural,Asiste,3530,0.0,166.0,225.0,5.0,2255,609,2.0,70.0,191.0,7.0,0.0
SUCUMBIOS,Cascales,Rural,No asiste,5704,772.0,24.0,36.0,12.0,2260,2188,10.0,124.0,246.0,31.0,1.0
SUCUMBIOS,Cuyabeno,Urbana,Asiste,639,0.0,33.0,41.0,0.0,333,122,0.0,15.0,95.0,0.0,0.0
SUCUMBIOS,Cuyabeno,Urbana,No asiste,1089,61.0,4.0,2.0,0.0,250,482,6.0,40.0,213.0,31.0,0.0
SUCUMBIOS,Cuyabeno,Rural,Asiste,2695,0.0,163.0,163.0,2.0,1723,468,1.0,38.0,136.0,1.0,0.0
SUCUMBIOS,Cuyabeno,Rural,No asiste,4429,558.0,26.0,26.0,9.0,1763,1799,5.0,58.0,170.0,15.0,0.0
ORELLANA,Francisco de Orellana,Urbana,Asiste,18331,0.0,369.0,1036.0,3.0,10637,3445,78.0,624.0,2123.0,15.0,1.0
ORELLANA,Francisco de Orellana,Urbana,No asiste,32950,3646.0,82.0,94.0,43.0,8024,14291,146.0,1302.0,4576.0,717.0,29.0
ORELLANA,Francisco de Orellana,Rural,Asiste,16611,0.0,789.0,755.0,1.0,11218,2852,26.0,227.0,736.0,7.0,0.0
ORELLANA,Francisco de Orellana,Rural,No asiste,27238,4415.0,199.0,88.0,70.0,11199,9742,55.0,346.0,999.0,118.0,7.0
ORELLANA,Aguarico,Urbana,Asiste,248,0.0,22.0,14.0,0.0,132,42,0.0,16.0,22.0,0.0,0.0
ORELLANA,Aguarico,Urbana,No asiste,409,29.0,7.0,2.0,0.0,106,197,0.0,17.0,47.0,4.0,0.0
ORELLANA,Aguarico,Rural,Asiste,2592,0.0,114.0,113.0,0.0,1770,410,4.0,65.0,114.0,2.0,0.0
ORELLANA,Aguarico,Rural,No asiste,3623,747.0,25.0,26.0,5.0,1459,1115,6.0,76.0,142.0,22.0,0.0
ORELLANA,La Joya de los Sachas,Urbana,Asiste,5645,0.0,198.0,375.0,1.0,3113,1015,25.0,296.0,614.0,7.0,1.0
ORELLANA,La Joya de los Sachas,Urbana,No asiste,10378,1049.0,41.0,18.0,15.0,2517,4472,41.0,577.0,1348.0,291.0,9.0
ORELLANA,La Joya de los Sachas,Rural,Asiste,12964,0.0,703.0,824.0,3.0,7912,2292,27.0,346.0,851.0,6.0,0.0
ORELLANA,La Joya de los Sachas,Rural,No asiste,23457,2950.0,145.0,80.0,67.0,9812,8639,33.0,507.0,1057.0,164.0,3.0
ORELLANA,Loreto,Urbana,Asiste,2088,0.0,106.0,158.0,1.0,1149,376,15.0,55.0,227.0,1.0,0.0
ORELLANA,Loreto,Urbana,No asiste,3289,312.0,46.0,3.0,3.0,857,1415,12.0,115.0,465.0,58.0,3.0
ORELLANA,Loreto,Rural,Asiste,8944,0.0,723.0,380.0,4.0,6073,1343,58.0,61.0,300.0,2.0,0.0
ORELLANA,Loreto,Rural,No asiste,13399,2037.0,249.0,45.0,20.0,5911,4537,36.0,124.0,404.0,34.0,2.0
SANTO DOMINGO DE LOS TSACHILAS,Santo Domingo,Urbana,Asiste,112739,0.0,2013.0,6080.0,37.0,59654,19734,383.0,3274.0,21430.0,124.0,10.0
SANTO DOMINGO DE LOS TSACHILAS,Santo Domingo,Urbana,No asiste,222087,27326.0,387.0,707.0,337.0,71259,83396,867.0,5936.0,27205.0,4389.0,278.0
SANTO DOMINGO DE LOS TSACHILAS,Santo Domingo,Rural,Asiste,31325,0.0,861.0,1756.0,4.0,18802,5900,121.0,566.0,3300.0,15.0,0.0
SANTO DOMINGO DE LOS TSACHILAS,Santo Domingo,Rural,No asiste,75432,11480.0,151.0,303.0,326.0,35478,22367,150.0,957.0,3717.0,475.0,28.0
SANTO DOMINGO DE LOS TSACHILAS,La Concordia,Urbana,Asiste,12103,0.0,224.0,758.0,2.0,7418,2255,43.0,168.0,1229.0,6.0,0.0
SANTO DOMINGO DE LOS TSACHILAS,La Concordia,Urbana,No asiste,23371,3631.0,51.0,65.0,35.0,8004,8621,67.0,347.0,2150.0,384.0,16.0
SANTO DOMINGO DE LOS TSACHILAS,La Concordia,Rural,Asiste,5135,0.0,112.0,331.0,7.0,3242,962,11.0,44.0,421.0,5.0,0.0
SANTO DOMINGO DE LOS TSACHILAS,La Concordia,Rural,No asiste,10777,2026.0,18.0,39.0,19.0,4730,3355,6.0,93.0,434.0,53.0,4.0
SANTA ELENA,Santa Elena,Urbana,Asiste,19944,0.0,1256.0,1099.0,34.0,10542,3292,64.0,210.0,3393.0,49.0,5.0
SANTA ELENA,Santa Elena,Urbana,No asiste,34621,2845.0,258.0,59.0,55.0,9304,14272,194.0,648.0,6000.0,913.0,73.0
SANTA ELENA,Santa Elena,Rural,Asiste,45771,0.0,4753.0,3005.0,80.0,27100,6855,92.0,258.0,3608.0,20.0,0.0
SANTA ELENA,Santa Elena,Rural,No asiste,86351,6844.0,716.0,191.0,513.0,43979,27725,184.0,679.0,4858.0,638.0,24.0
SANTA ELENA,La Libertad,Urbana,Asiste,39460,0.0,2942.0,2081.0,10.0,21880,6565,102.0,343.0,5478.0,58.0,1.0
SANTA ELENA,La Libertad,Urbana,No asiste,72694,6869.0,515.0,172.0,123.0,25393,28733,221.0,1014.0,8468.0,1138.0,48.0
SANTA ELENA,La Libertad,Rural,Asiste,40,0.0,3.0,4.0,0.0,25,7,1.0,0.0,0.0,0.0,0.0
SANTA ELENA,La Libertad,Rural,No asiste,53,7.0,0.0,1.0,0.0,28,17,0.0,0.0,0.0,0.0,0.0
SANTA ELENA,Salinas,Urbana,Asiste,10703,0.0,595.0,605.0,2.0,5957,1741,18.0,104.0,1657.0,23.0,1.0
SANTA ELENA,Salinas,Urbana,No asiste,24363,1973.0,211.0,66.0,34.0,8737,8218,95.0,558.0,3727.0,674.0,70.0
SANTA ELENA,Salinas,Rural,Asiste,18975,0.0,1551.0,1201.0,15.0,10923,3033,49.0,135.0,2049.0,19.0,0.0
SANTA ELENA,Salinas,Rural,No asiste,32760,3042.0,279.0,99.0,77.0,12353,12403,197.0,409.0,3301.0,542.0,58.0
