provincia,cantón,área_de_residencia,número_total_de_hogares,no_pobres,pobre_solo_por_dependencia_económica,pobre_solo_por_no_asistencia_a_clases_de_niños_en_edad_escolar,pobre_solo_por_características_físicas_inadecuadas_de_la_vivienda,pobre_solo_por_no_disponibilidad_de_servicios_básicos_de_la_vivienda,pobre_solo_por_estado_de_hacinamiento_del_hogar,pobre_por_carencia_en_dos_o_más_componentes
AZUAY,Cuenca,Urbana,115477,105621.0,1103.0,1253.0,407.0,3614,2383.0,1096.0
AZUAY,Cuenca,Rural,67717,43757.0,1525.0,404.0,798.0,12518,1815.0,6900.0
AZUAY,Girón,Urbana,1333,1126.0,50.0,11.0,5.0,56,60.0,25.0
AZUAY,Girón,Rural,2549,1510.0,82.0,5.0,61.0,429,56.0,406.0
AZUAY,Gualaceo,Urbana,4188,3615.0,132.0,10.0,25.0,191,138.0,77.0
AZUAY,Gualaceo,Rural,8582,3758.0,226.0,18.0,101.0,2750,169.0,1560.0
AZUAY,Nabón,Urbana,416,350.0,9.0,1.0,11.0,23,11.0,11.0
AZUAY,Nabón,Rural,4133,960.0,80.0,10.0,281.0,912,56.0,1834.0
AZUAY,Paute,Urbana,2648,2376.0,40.0,5.0,6.0,98,89.0,34.0
AZUAY,Paute,Rural,5666,3133.0,215.0,21.0,51.0,1490,115.0,641.0
AZUAY,Pucará,Urbana,278,198.0,12.0,0.0,4.0,23,15.0,26.0
AZUAY,Pucará,Rural,2759,914.0,79.0,3.0,102.0,765,87.0,809.0
AZUAY,San Fernando,Urbana,453,377.0,14.0,3.0,8.0,33,11.0,7.0
AZUAY,San Fernando,Rural,740,458.0,21.0,0.0,16.0,167,12.0,66.0
AZUAY,Santa Isabel,Urbana,1965,1739.0,28.0,10.0,7.0,62,85.0,34.0
AZUAY,Santa Isabel,Rural,4651,2499.0,102.0,9.0,105.0,953,111.0,872.0
AZUAY,Sígsig,Urbana,1316,1164.0,28.0,3.0,13.0,57,23.0,28.0
AZUAY,Sígsig,Rural,6579,2623.0,136.0,14.0,170.0,1988,105.0,1543.0
AZUAY,Oña,Urbana,352,227.0,3.0,0.0,17.0,57,6.0,42.0
AZUAY,Oña,Rural,852,268.0,16.0,2.0,126.0,103,21.0,316.0
AZUAY,Chordeleg,Urbana,1319,1103.0,27.0,9.0,11.0,94,41.0,34.0
AZUAY,Chordeleg,Rural,2416,1378.0,56.0,8.0,17.0,665,51.0,241.0
AZUAY,El Pan,Urbana,154,140.0,3.0,0.0,1.0,6,4.0,0.0
AZUAY,El Pan,Rural,792,550.0,26.0,1.0,0.0,163,19.0,33.0
AZUAY,Sevilla de Oro,Urbana,235,206.0,3.0,0.0,2.0,14,7.0,3.0
AZUAY,Sevilla de Oro,Rural,1232,860.0,27.0,6.0,3.0,289,7.0,40.0
AZUAY,Guachapala,Urbana,383,310.0,13.0,0.0,1.0,38,10.0,11.0
AZUAY,Guachapala,Rural,769,455.0,24.0,2.0,9.0,205,18.0,56.0
AZUAY,Camilo Ponce Enríquez,Urbana,3115,2356.0,41.0,18.0,19.0,214,306.0,161.0
AZUAY,Camilo Ponce Enríquez,Rural,3798,2085.0,82.0,15.0,17.0,924,302.0,373.0
BOLIVAR,Guaranda,Urbana,10202,8449.0,123.0,37.0,49.0,877,275.0,392.0
BOLIVAR,Guaranda,Rural,20688,4048.0,161.0,23.0,121.0,7081,161.0,9093.0
BOLIVAR,Chillanes,Urbana,1104,798.0,36.0,1.0,4.0,164,24.0,77.0
BOLIVAR,Chillanes,Rural,5396,1139.0,41.0,7.0,17.0,3050,84.0,1058.0
BOLIVAR,Chimbo,Urbana,1315,1068.0,18.0,4.0,18.0,131,39.0,37.0
BOLIVAR,Chimbo,Rural,3534,969.0,33.0,3.0,59.0,1604,37.0,829.0
BOLIVAR,Echeandía,Urbana,2360,1865.0,83.0,10.0,38.0,158,125.0,81.0
BOLIVAR,Echeandía,Rural,2476,955.0,56.0,2.0,12.0,1120,44.0,287.0
BOLIVAR,San Miguel,Urbana,2754,2368.0,39.0,9.0,9.0,236,63.0,30.0
BOLIVAR,San Miguel,Rural,6198,1472.0,63.0,4.0,31.0,3422,61.0,1145.0
BOLIVAR,Caluma,Urbana,2536,2093.0,69.0,15.0,10.0,202,95.0,52.0
BOLIVAR,Caluma,Rural,2525,962.0,43.0,2.0,4.0,1258,40.0,216.0
BOLIVAR,Las Naves,Urbana,687,499.0,10.0,3.0,2.0,112,30.0,31.0
BOLIVAR,Las Naves,Rural,1653,564.0,26.0,1.0,5.0,865,20.0,172.0
CANAR,Azogues,Urbana,10927,9782.0,206.0,53.0,39.0,506,193.0,148.0
CANAR,Azogues,Rural,12053,7103.0,365.0,33.0,80.0,2982,196.0,1294.0
CANAR,Biblián,Urbana,1758,1518.0,68.0,12.0,12.0,89,31.0,28.0
CANAR,Biblián,Rural,4056,1771.0,205.0,13.0,16.0,1512,54.0,485.0
CANAR,Cañar,Urbana,3877,3399.0,100.0,17.0,95.0,99,68.0,99.0
CANAR,Cañar,Rural,11745,4971.0,494.0,29.0,366.0,3229,157.0,2499.0
CANAR,La Troncal,Urbana,12105,7820.0,424.0,89.0,74.0,2073,720.0,905.0
CANAR,La Troncal,Rural,6766,3131.0,161.0,36.0,52.0,2202,235.0,949.0
CANAR,El Tambo,Urbana,1542,1269.0,71.0,8.0,19.0,83,29.0,63.0
CANAR,El Tambo,Rural,1290,532.0,61.0,3.0,46.0,353,18.0,277.0
CANAR,Déleg,Urbana,224,176.0,8.0,1.0,1.0,29,5.0,4.0
CANAR,Déleg,Rural,1793,932.0,87.0,3.0,20.0,510,38.0,203.0
CANAR,Suscal,Urbana,320,228.0,24.0,5.0,2.0,20,13.0,28.0
CANAR,Suscal,Rural,1215,361.0,29.0,0.0,8.0,430,21.0,366.0
CARCHI,Tulcán,Urbana,17595,15591.0,269.0,89.0,115.0,609,642.0,280.0
CARCHI,Tulcán,Rural,10621,4728.0,188.0,41.0,114.0,3369,360.0,1821.0
CARCHI,Bolívar,Urbana,1112,872.0,17.0,0.0,44.0,66,54.0,59.0
CARCHI,Bolívar,Rural,4118,2173.0,67.0,12.0,82.0,1001,114.0,669.0
CARCHI,Espejo,Urbana,1558,1245.0,18.0,6.0,27.0,106,79.0,77.0
CARCHI,Espejo,Rural,2882,1542.0,55.0,2.0,114.0,653,85.0,431.0
CARCHI,Mira,Urbana,1256,1086.0,19.0,4.0,26.0,65,24.0,32.0
CARCHI,Mira,Rural,2906,1237.0,71.0,7.0,70.0,960,51.0,510.0
CARCHI,Montúfar,Urbana,4467,3505.0,103.0,25.0,61.0,349,227.0,197.0
CARCHI,Montúfar,Rural,4749,2471.0,60.0,9.0,120.0,1078,171.0,840.0
CARCHI,San Pedro de Huaca,Urbana,1359,1121.0,14.0,6.0,17.0,100,57.0,44.0
CARCHI,San Pedro de Huaca,Rural,1093,563.0,22.0,8.0,20.0,326,44.0,110.0
COTOPAXI,Latacunga,Urbana,24032,20579.0,298.0,93.0,63.0,1551,790.0,658.0
COTOPAXI,Latacunga,Rural,38186,18550.0,528.0,99.0,158.0,12554,818.0,5479.0
COTOPAXI,La Maná,Urbana,10189,7199.0,215.0,56.0,31.0,1246,872.0,570.0
COTOPAXI,La Maná,Rural,6690,2536.0,112.0,12.0,33.0,2840,206.0,951.0
COTOPAXI,Pangua,Urbana,681,536.0,22.0,3.0,2.0,68,25.0,25.0
COTOPAXI,Pangua,Rural,6417,1722.0,111.0,4.0,24.0,3301,100.0,1155.0
COTOPAXI,Pujilí,Urbana,4855,3803.0,65.0,20.0,30.0,572,161.0,204.0
COTOPAXI,Pujilí,Rural,15559,3355.0,174.0,14.0,124.0,5545,147.0,6200.0
COTOPAXI,Salcedo,Urbana,5198,4444.0,92.0,38.0,32.0,323,157.0,112.0
COTOPAXI,Salcedo,Rural,15206,5971.0,180.0,17.0,92.0,5914,237.0,2795.0
COTOPAXI,Saquisilí,Urbana,2793,1936.0,38.0,10.0,11.0,468,170.0,160.0
COTOPAXI,Saquisilí,Rural,3921,1050.0,29.0,6.0,25.0,1525,55.0,1231.0
COTOPAXI,Sigchos,Urbana,889,564.0,28.0,1.0,4.0,169,38.0,85.0
COTOPAXI,Sigchos,Rural,4746,499.0,28.0,3.0,18.0,1959,58.0,2181.0
CHIMBORAZO,Riobamba,Urbana,57927,52847.0,470.0,229.0,116.0,2373,1347.0,545.0
CHIMBORAZO,Riobamba,Rural,25460,10295.0,343.0,41.0,266.0,8257,469.0,5789.0
CHIMBORAZO,Alausí,Urbana,1934,1584.0,60.0,11.0,14.0,120,78.0,67.0
CHIMBORAZO,Alausí,Rural,9487,1575.0,124.0,5.0,112.0,3354,86.0,4231.0
CHIMBORAZO,Colta,Urbana,859,661.0,30.0,4.0,29.0,45,51.0,39.0
CHIMBORAZO,Colta,Rural,9771,1107.0,58.0,5.0,114.0,3490,40.0,4957.0
CHIMBORAZO,Chambo,Urbana,1584,1339.0,23.0,5.0,5.0,121,47.0,44.0
CHIMBORAZO,Chambo,Rural,2421,1101.0,47.0,9.0,25.0,825,42.0,372.0
CHIMBORAZO,Chunchi,Urbana,1211,1049.0,48.0,3.0,10.0,26,53.0,22.0
CHIMBORAZO,Chunchi,Rural,2165,523.0,61.0,4.0,16.0,1026,29.0,506.0
CHIMBORAZO,Guamote,Urbana,935,623.0,11.0,5.0,10.0,146,68.0,72.0
CHIMBORAZO,Guamote,Rural,9529,660.0,42.0,2.0,81.0,3695,47.0,5002.0
CHIMBORAZO,Guano,Urbana,2654,2168.0,32.0,11.0,21.0,234,117.0,71.0
CHIMBORAZO,Guano,Rural,12242,5057.0,182.0,31.0,78.0,4950,133.0,1811.0
CHIMBORAZO,Pallatanga,Urbana,1338,998.0,53.0,7.0,8.0,135,81.0,56.0
CHIMBORAZO,Pallatanga,Rural,2295,355.0,27.0,5.0,4.0,1388,14.0,502.0
CHIMBORAZO,Penipe,Urbana,395,346.0,9.0,2.0,1.0,17,12.0,8.0
CHIMBORAZO,Penipe,Rural,2028,853.0,47.0,0.0,19.0,834,40.0,235.0
CHIMBORAZO,Cumandá,Urbana,3564,2849.0,127.0,16.0,5.0,293,166.0,108.0
CHIMBORAZO,Cumandá,Rural,1596,559.0,19.0,5.0,2.0,774,20.0,217.0
EL ORO,Machala,Urbana,87713,63768.0,1086.0,1091.0,914.0,10430,4528.0,5896.0
EL ORO,Machala,Rural,5592,1551.0,43.0,12.0,80.0,2495,158.0,1253.0
EL ORO,Arenillas,Urbana,6811,4783.0,114.0,33.0,251.0,630,250.0,750.0
EL ORO,Arenillas,Rural,3481,1540.0,55.0,11.0,100.0,1047,105.0,623.0
EL ORO,Atahualpa,Urbana,566,520.0,14.0,1.0,1.0,18,4.0,8.0
EL ORO,Atahualpa,Rural,1421,648.0,14.0,1.0,2.0,636,21.0,99.0
EL ORO,Balsas,Urbana,1410,832.0,19.0,5.0,5.0,455,52.0,42.0
EL ORO,Balsas,Rural,1022,376.0,14.0,2.0,5.0,498,22.0,105.0
EL ORO,Chilla,Urbana,329,185.0,15.0,3.0,11.0,55,19.0,41.0
EL ORO,Chilla,Rural,475,125.0,1.0,0.0,4.0,178,8.0,159.0
EL ORO,El Guabo,Urbana,8090,5096.0,137.0,41.0,68.0,1449,667.0,632.0
EL ORO,El Guabo,Rural,9633,3837.0,144.0,38.0,94.0,3359,530.0,1631.0
EL ORO,Huaquillas,Urbana,17435,10298.0,295.0,89.0,663.0,2658,597.0,2835.0
EL ORO,Huaquillas,Rural,112,4.0,0.0,1.0,0.0,57,0.0,50.0
EL ORO,Marcabelí,Urbana,1558,1297.0,38.0,9.0,17.0,82,78.0,37.0
EL ORO,Marcabelí,Rural,589,269.0,10.0,1.0,0.0,253,9.0,47.0
EL ORO,Pasaje,Urbana,19079,13757.0,335.0,149.0,162.0,2808,732.0,1136.0
EL ORO,Pasaje,Rural,7410,4023.0,202.0,59.0,128.0,1766,317.0,915.0
EL ORO,Piñas,Urbana,5966,4944.0,71.0,35.0,10.0,719,132.0,55.0
EL ORO,Piñas,Rural,3596,1395.0,43.0,3.0,8.0,1807,72.0,268.0
EL ORO,Portovelo,Urbana,3122,2631.0,46.0,14.0,25.0,129,201.0,76.0
EL ORO,Portovelo,Rural,1249,507.0,14.0,5.0,10.0,558,16.0,139.0
EL ORO,Santa Rosa,Urbana,17873,13996.0,360.0,140.0,435.0,951,923.0,1068.0
EL ORO,Santa Rosa,Rural,7277,4100.0,138.0,23.0,142.0,1658,282.0,934.0
EL ORO,Zaruma,Urbana,3292,2953.0,40.0,11.0,1.0,193,66.0,28.0
EL ORO,Zaruma,Rural,4635,1611.0,31.0,10.0,27.0,1875,71.0,1010.0
EL ORO,Las Lajas,Urbana,511,422.0,26.0,0.0,2.0,16,18.0,27.0
EL ORO,Las Lajas,Rural,1380,772.0,49.0,2.0,30.0,298,51.0,178.0
ESMERALDAS,Esmeraldas,Urbana,46201,34813.0,1082.0,489.0,468.0,3924,2537.0,2888.0
ESMERALDAS,Esmeraldas,Rural,16122,5536.0,208.0,95.0,118.0,6222,441.0,3502.0
ESMERALDAS,Eloy Alfaro,Urbana,1566,508.0,43.0,6.0,7.0,568,54.0,380.0
ESMERALDAS,Eloy Alfaro,Rural,11715,1360.0,115.0,20.0,12.0,6451,139.0,3618.0
ESMERALDAS,Muisne,Urbana,1815,216.0,13.0,0.0,2.0,1144,26.0,414.0
ESMERALDAS,Muisne,Rural,9548,746.0,55.0,3.0,20.0,5560,65.0,3099.0
ESMERALDAS,Quinindé,Urbana,10294,6721.0,362.0,96.0,45.0,1913,465.0,692.0
ESMERALDAS,Quinindé,Rural,30436,5818.0,417.0,54.0,90.0,17877,370.0,5810.0
ESMERALDAS,San Lorenzo,Urbana,7978,2954.0,192.0,29.0,12.0,3227,278.0,1286.0
ESMERALDAS,San Lorenzo,Rural,5702,921.0,110.0,20.0,2.0,3234,87.0,1328.0
ESMERALDAS,Atacames,Urbana,5435,2162.0,107.0,12.0,55.0,1603,242.0,1254.0
ESMERALDAS,Atacames,Rural,9935,2752.0,119.0,20.0,96.0,4009,262.0,2677.0
ESMERALDAS,Rioverde,Urbana,1223,303.0,10.0,5.0,2.0,607,18.0,278.0
ESMERALDAS,Rioverde,Rural,8724,564.0,34.0,7.0,11.0,5933,26.0,2149.0
GUAYAS,Guayaquil,Urbana,782277,607040.0,10119.0,12315.0,6680.0,37123,64384.0,44616.0
GUAYAS,Guayaquil,Rural,28315,13087.0,598.0,277.0,410.0,6134,2175.0,5634.0
GUAYAS,Alfredo Baquerizo Moreno (Juján),Urbana,1976,1054.0,71.0,20.0,13.0,426,98.0,294.0
GUAYAS,Alfredo Baquerizo Moreno (Juján),Rural,6448,303.0,10.0,5.0,10.0,4036,23.0,2061.0
GUAYAS,Balao,Urbana,3657,2545.0,98.0,26.0,37.0,154,608.0,189.0
GUAYAS,Balao,Rural,4006,1893.0,69.0,44.0,33.0,1129,260.0,578.0
GUAYAS,Balzar,Urbana,10221,3939.0,310.0,40.0,121.0,2684,556.0,2571.0
GUAYAS,Balzar,Rural,7936,158.0,7.0,1.0,7.0,3900,16.0,3847.0
GUAYAS,Colimes,Urbana,2557,1408.0,100.0,11.0,100.0,261,176.0,501.0
GUAYAS,Colimes,Rural,5911,402.0,31.0,5.0,17.0,2277,49.0,3130.0
GUAYAS,Daule,Urbana,48263,41635.0,451.0,419.0,405.0,1863,1692.0,1798.0
GUAYAS,Daule,Rural,20151,2768.0,165.0,25.0,159.0,7811,289.0,8934.0
GUAYAS,Durán,Urbana,87416,32472.0,414.0,622.0,137.0,36582,2070.0,15119.0
GUAYAS,Durán,Rural,2729,198.0,3.0,2.0,0.0,1745,2.0,779.0
GUAYAS,El Empalme,Urbana,12603,6133.0,301.0,44.0,95.0,3591,576.0,1863.0
GUAYAS,El Empalme,Rural,11770,1142.0,62.0,5.0,52.0,6199,76.0,4234.0
GUAYAS,El Triunfo,Urbana,12256,7184.0,411.0,87.0,203.0,1921,952.0,1498.0
GUAYAS,El Triunfo,Rural,5809,1302.0,73.0,7.0,48.0,2997,84.0,1298.0
GUAYAS,Milagro,Urbana,49899,33967.0,949.0,683.0,717.0,5684,2972.0,4927.0
GUAYAS,Milagro,Rural,11410,1134.0,34.0,13.0,32.0,7642,98.0,2457.0
GUAYAS,Naranjal,Urbana,11816,8339.0,250.0,185.0,72.0,1033,1000.0,937.0
GUAYAS,Naranjal,Rural,13489,4444.0,144.0,124.0,58.0,5608,558.0,2553.0
GUAYAS,Naranjito,Urbana,10964,7579.0,320.0,103.0,131.0,1139,820.0,872.0
GUAYAS,Naranjito,Rural,2992,573.0,21.0,8.0,4.0,1875,23.0,488.0
GUAYAS,Palestina,Urbana,3409,2066.0,119.0,18.0,80.0,458,248.0,420.0
GUAYAS,Palestina,Rural,2421,39.0,6.0,1.0,1.0,1321,10.0,1043.0
GUAYAS,Pedro Carbo,Urbana,7751,4009.0,231.0,39.0,184.0,1270,632.0,1386.0
GUAYAS,Pedro Carbo,Rural,9402,871.0,70.0,3.0,73.0,3901,105.0,4379.0
GUAYAS,Samborondón,Urbana,24063,20486.0,269.0,1030.0,87.0,1174,621.0,396.0
GUAYAS,Samborondón,Rural,8260,2607.0,169.0,64.0,74.0,2684,360.0,2302.0
GUAYAS,Santa Lucía,Urbana,3421,2208.0,109.0,6.0,63.0,353,288.0,394.0
GUAYAS,Santa Lucía,Rural,10538,1384.0,82.0,7.0,30.0,4631,164.0,4240.0
GUAYAS,Salitre,Urbana,4164,1677.0,66.0,18.0,48.0,1252,264.0,839.0
GUAYAS,Salitre,Rural,15317,544.0,23.0,3.0,15.0,8637,38.0,6057.0
GUAYAS,San Jacinto de Yaguachi,Urbana,7281,4834.0,177.0,128.0,141.0,543,527.0,931.0
GUAYAS,San Jacinto de Yaguachi,Rural,15522,5377.0,171.0,143.0,203.0,5813,576.0,3239.0
GUAYAS,Playas,Urbana,13978,8126.0,302.0,116.0,454.0,1520,1318.0,2142.0
GUAYAS,Playas,Rural,2890,1381.0,101.0,15.0,35.0,579,315.0,464.0
GUAYAS,Simón Bolívar,Urbana,2856,1240.0,47.0,7.0,15.0,1103,96.0,348.0
GUAYAS,Simón Bolívar,Rural,6750,1515.0,43.0,10.0,44.0,3536,82.0,1520.0
GUAYAS,Coronel Marcelino Maridueña,Urbana,2409,2155.0,34.0,12.0,3.0,103,87.0,15.0
GUAYAS,Coronel Marcelino Maridueña,Rural,1684,354.0,14.0,3.0,12.0,1022,21.0,258.0
GUAYAS,Lomas de Sargentillo,Urbana,5020,2852.0,231.0,16.0,102.0,528,423.0,868.0
GUAYAS,Lomas de Sargentillo,Rural,1793,75.0,3.0,0.0,4.0,753,10.0,948.0
GUAYAS,Nobol,Urbana,2945,1922.0,91.0,17.0,101.0,191,300.0,323.0
GUAYAS,Nobol,Rural,4207,1908.0,83.0,15.0,97.0,933,289.0,882.0
GUAYAS,General  Antonio Elizalde,Urbana,2211,1691.0,59.0,12.0,4.0,262,77.0,106.0
GUAYAS,General  Antonio Elizalde,Rural,1558,427.0,15.0,1.0,2.0,809,37.0,267.0
GUAYAS,Isidro Ayora,Urbana,2507,939.0,52.0,3.0,39.0,808,147.0,519.0
GUAYAS,Isidro Ayora,Rural,1935,59.0,2.0,1.0,0.0,1073,13.0,787.0
IMBABURA,Ibarra,Urbana,49841,44643.0,583.0,224.0,194.0,1963,1492.0,742.0
IMBABURA,Ibarra,Rural,17900,10078.0,345.0,57.0,244.0,3907,449.0,2820.0
IMBABURA,Antonio Ante,Urbana,7526,6388.0,114.0,26.0,66.0,447,280.0,205.0
IMBABURA,Antonio Ante,Rural,8298,5292.0,203.0,24.0,113.0,1427,293.0,946.0
IMBABURA,Cotacachi,Urbana,3318,2930.0,66.0,23.0,11.0,150,69.0,69.0
IMBABURA,Cotacachi,Rural,12427,4320.0,355.0,30.0,118.0,4675,237.0,2692.0
IMBABURA,Otavalo,Urbana,12378,10069.0,292.0,40.0,70.0,966,478.0,463.0
IMBABURA,Otavalo,Rural,19846,8178.0,736.0,86.0,285.0,5195,508.0,4858.0
IMBABURA,Pimampiro,Urbana,1999,1530.0,30.0,10.0,42.0,196,97.0,94.0
IMBABURA,Pimampiro,Rural,2428,965.0,46.0,8.0,61.0,690,53.0,605.0
IMBABURA,San Miguel de Urcuquí,Urbana,1415,1090.0,31.0,8.0,4.0,160,54.0,68.0
IMBABURA,San Miguel de Urcuquí,Rural,4126,1993.0,68.0,14.0,78.0,1044,140.0,789.0
LOJA,Loja,Urbana,61226,52592.0,501.0,274.0,391.0,3579,2125.0,1764.0
LOJA,Loja,Rural,14428,5915.0,156.0,39.0,304.0,4347,471.0,3196.0
LOJA,Calvas,Urbana,3894,3182.0,57.0,25.0,36.0,239,212.0,143.0
LOJA,Calvas,Rural,3895,873.0,36.0,5.0,143.0,830,50.0,1958.0
LOJA,Catamayo,Urbana,8099,6147.0,134.0,22.0,96.0,760,435.0,505.0
LOJA,Catamayo,Rural,2699,1043.0,63.0,5.0,46.0,804,68.0,670.0
LOJA,Celica,Urbana,1312,1107.0,15.0,4.0,17.0,81,60.0,28.0
LOJA,Celica,Rural,2961,707.0,21.0,3.0,84.0,958,52.0,1136.0
LOJA,Chaguarpamba,Urbana,415,334.0,9.0,4.0,6.0,18,33.0,11.0
LOJA,Chaguarpamba,Rural,1940,659.0,17.0,1.0,25.0,839,41.0,358.0
LOJA,Espíndola,Urbana,677,574.0,7.0,3.0,12.0,44,20.0,17.0
LOJA,Espíndola,Rural,3733,771.0,39.0,4.0,82.0,1157,59.0,1621.0
LOJA,Gonzanamá,Urbana,615,515.0,11.0,2.0,4.0,33,37.0,13.0
LOJA,Gonzanamá,Rural,3569,1013.0,26.0,6.0,157.0,858,61.0,1448.0
LOJA,Macará,Urbana,3841,2912.0,64.0,16.0,152.0,200,277.0,220.0
LOJA,Macará,Rural,1775,337.0,12.0,2.0,53.0,540,21.0,810.0
LOJA,Paltas,Urbana,2354,1790.0,20.0,6.0,29.0,181,193.0,135.0
LOJA,Paltas,Rural,4779,1454.0,51.0,9.0,172.0,1370,142.0,1581.0
LOJA,Puyango,Urbana,1912,1576.0,49.0,6.0,4.0,110,118.0,49.0
LOJA,Puyango,Rural,3201,1185.0,49.0,3.0,73.0,1155,68.0,668.0
LOJA,Saraguro,Urbana,1408,987.0,40.0,6.0,16.0,181,79.0,99.0
LOJA,Saraguro,Rural,7489,2151.0,97.0,16.0,153.0,2237,144.0,2691.0
LOJA,Sozoranga,Urbana,287,226.0,2.0,0.0,8.0,22,21.0,8.0
LOJA,Sozoranga,Rural,1764,282.0,12.0,1.0,66.0,423,18.0,962.0
LOJA,Zapotillo,Urbana,1170,966.0,46.0,6.0,8.0,54,63.0,27.0
LOJA,Zapotillo,Rural,3500,1047.0,51.0,2.0,202.0,847,91.0,1260.0
LOJA,Pindal,Urbana,783,565.0,8.0,0.0,34.0,43,69.0,64.0
LOJA,Pindal,Rural,2296,305.0,8.0,0.0,15.0,1021,30.0,917.0
LOJA,Quilanga,Urbana,324,265.0,4.0,1.0,6.0,24,14.0,10.0
LOJA,Quilanga,Rural,1027,233.0,16.0,5.0,29.0,425,11.0,308.0
LOJA,Olmedo,Urbana,240,197.0,4.0,2.0,2.0,11,9.0,15.0
LOJA,Olmedo,Rural,1149,326.0,19.0,1.0,23.0,410,39.0,331.0
LOS RIOS,Babahoyo,Urbana,31548,21875.0,492.0,455.0,705.0,2995,2011.0,3015.0
LOS RIOS,Babahoyo,Rural,26206,5795.0,252.0,74.0,157.0,12879,531.0,6518.0
LOS RIOS,Baba,Urbana,2088,1288.0,52.0,10.0,62.0,291,151.0,234.0
LOS RIOS,Baba,Rural,12621,2056.0,142.0,11.0,65.0,5987,157.0,4203.0
LOS RIOS,Montalvo,Urbana,5193,3416.0,132.0,20.0,29.0,1095,172.0,329.0
LOS RIOS,Montalvo,Rural,4012,1102.0,40.0,1.0,14.0,2165,29.0,661.0
LOS RIOS,Puebloviejo,Urbana,3026,1790.0,77.0,18.0,46.0,483,219.0,393.0
LOS RIOS,Puebloviejo,Rural,9783,3128.0,159.0,30.0,94.0,3725,387.0,2260.0
LOS RIOS,Quevedo,Urbana,54873,31637.0,891.0,666.0,193.0,13187,2737.0,5562.0
LOS RIOS,Quevedo,Rural,8845,1962.0,120.0,38.0,46.0,4483,182.0,2014.0
LOS RIOS,Urdaneta,Urbana,2222,1017.0,35.0,2.0,10.0,724,87.0,347.0
LOS RIOS,Urdaneta,Rural,8435,1590.0,64.0,14.0,41.0,4678,180.0,1868.0
LOS RIOS,Ventanas,Urbana,13047,7643.0,336.0,78.0,126.0,2330,1061.0,1473.0
LOS RIOS,Ventanas,Rural,10332,1114.0,65.0,10.0,35.0,6482,116.0,2510.0
LOS RIOS,Vinces,Urbana,10890,7260.0,332.0,85.0,114.0,1440,728.0,931.0
LOS RIOS,Vinces,Rural,14563,1241.0,81.0,5.0,36.0,8034,109.0,5057.0
LOS RIOS,Palenque,Urbana,2237,1159.0,95.0,6.0,33.0,357,182.0,405.0
LOS RIOS,Palenque,Rural,5571,266.0,18.0,6.0,17.0,2251,30.0,2983.0
LOS RIOS,Buena Fe,Urbana,13745,8945.0,557.0,101.0,127.0,1418,1291.0,1306.0
LOS RIOS,Buena Fe,Rural,8208,2645.0,158.0,39.0,57.0,3219,360.0,1730.0
LOS RIOS,Valencia,Urbana,6839,2064.0,78.0,36.0,27.0,3316,183.0,1135.0
LOS RIOS,Valencia,Rural,8465,800.0,50.0,15.0,24.0,5183,83.0,2310.0
LOS RIOS,Mocache,Urbana,2850,1928.0,124.0,10.0,20.0,325,212.0,231.0
LOS RIOS,Mocache,Rural,10400,1582.0,101.0,20.0,51.0,5840,97.0,2709.0
LOS RIOS,Quinsaloma,Urbana,1970,1426.0,85.0,24.0,23.0,188,93.0,131.0
LOS RIOS,Quinsaloma,Rural,4202,356.0,40.0,12.0,10.0,2933,17.0,834.0
MANABI,Portoviejo,Urbana,73227,52550.0,1332.0,406.0,1814.0,7773,2492.0,6860.0
MANABI,Portoviejo,Rural,23386,2915.0,109.0,18.0,219.0,12380,106.0,7639.0
MANABI,Bolívar,Urbana,6114,2363.0,102.0,18.0,78.0,2621,117.0,815.0
MANABI,Bolívar,Rural,6728,607.0,30.0,4.0,100.0,3097,34.0,2856.0
MANABI,Chone,Urbana,17130,10972.0,363.0,97.0,252.0,3185,697.0,1564.0
MANABI,Chone,Rural,23876,2025.0,94.0,9.0,294.0,12416,101.0,8937.0
MANABI,El Carmen,Urbana,15571,8707.0,377.0,62.0,151.0,3805,604.0,1865.0
MANABI,El Carmen,Rural,20747,2449.0,150.0,27.0,101.0,13234,186.0,4600.0
MANABI,Flavio Alfaro,Urbana,2779,1049.0,72.0,6.0,62.0,1098,72.0,420.0
MANABI,Flavio Alfaro,Rural,5749,288.0,12.0,2.0,38.0,3449,15.0,1945.0
MANABI,Jipijapa,Urbana,12863,5721.0,178.0,29.0,314.0,3195,529.0,2897.0
MANABI,Jipijapa,Rural,10660,635.0,27.0,2.0,40.0,4686,35.0,5235.0
MANABI,Junín,Urbana,2230,1203.0,44.0,8.0,57.0,574,36.0,308.0
MANABI,Junín,Rural,4647,471.0,17.0,0.0,60.0,1931,15.0,2153.0
MANABI,Manta,Urbana,76967,55788.0,1647.0,487.0,990.0,8579,3435.0,6041.0
MANABI,Manta,Rural,3901,648.0,40.0,7.0,18.0,2098,33.0,1057.0
MANABI,Montecristi,Urbana,20699,5851.0,168.0,67.0,205.0,10121,357.0,3930.0
MANABI,Montecristi,Rural,8770,497.0,24.0,2.0,6.0,6018,36.0,2187.0
MANABI,Paján,Urbana,2454,1161.0,95.0,5.0,116.0,502,126.0,449.0
MANABI,Paján,Rural,11313,375.0,20.0,2.0,29.0,4474,30.0,6383.0
MANABI,Pichincha,Urbana,1340,933.0,43.0,7.0,18.0,158,76.0,105.0
MANABI,Pichincha,Rural,7919,438.0,39.0,4.0,34.0,4181,38.0,3185.0
MANABI,Rocafuerte,Urbana,3481,2797.0,57.0,24.0,129.0,114,177.0,183.0
MANABI,Rocafuerte,Rural,9751,3460.0,96.0,10.0,505.0,2667,152.0,2861.0
MANABI,Santa Ana,Urbana,3363,2420.0,85.0,15.0,106.0,221,139.0,377.0
MANABI,Santa Ana,Rural,11659,1706.0,125.0,7.0,318.0,3336,77.0,6090.0
MANABI,Sucre,Urbana,7013,4502.0,162.0,17.0,99.0,1266,183.0,784.0
MANABI,Sucre,Rural,13105,2604.0,129.0,20.0,161.0,6448,146.0,3597.0
MANABI,Tosagua,Urbana,3470,2537.0,109.0,18.0,73.0,340,127.0,266.0
MANABI,Tosagua,Rural,10032,2530.0,143.0,11.0,309.0,3381,120.0,3538.0
MANABI,24 de Mayo,Urbana,2044,1066.0,62.0,6.0,80.0,381,45.0,404.0
MANABI,24 de Mayo,Rural,7908,371.0,21.0,2.0,72.0,2702,17.0,4723.0
MANABI,Pedernales,Urbana,8125,3679.0,224.0,40.0,209.0,1694,442.0,1837.0
MANABI,Pedernales,Rural,12359,1112.0,103.0,15.0,88.0,6349,150.0,4542.0
MANABI,Olmedo,Urbana,868,201.0,27.0,4.0,24.0,327,5.0,280.0
MANABI,Olmedo,Rural,2343,6.0,0.0,0.0,0.0,753,0.0,1584.0
MANABI,Puerto López,Urbana,3559,992.0,56.0,14.0,17.0,1464,120.0,896.0
MANABI,Puerto López,Rural,3789,1061.0,81.0,5.0,13.0,1573,68.0,988.0
MANABI,Jama,Urbana,1696,1100.0,75.0,7.0,51.0,157,72.0,234.0
MANABI,Jama,Rural,3526,706.0,39.0,6.0,57.0,1309,35.0,1374.0
MANABI,Jaramijó,Urbana,8298,3809.0,226.0,29.0,153.0,2146,341.0,1594.0
MANABI,Jaramijó,Rural,409,157.0,0.0,1.0,2.0,155,3.0,91.0
MANABI,San Vicente,Urbana,3543,1739.0,83.0,4.0,46.0,982,90.0,599.0
MANABI,San Vicente,Rural,5044,418.0,31.0,5.0,28.0,2826,22.0,1714.0
MORONA SANTIAGO,Morona,Urbana,7228,5951.0,83.0,32.0,26.0,627,300.0,209.0
MORONA SANTIAGO,Morona,Rural,8488,2468.0,70.0,19.0,10.0,3987,136.0,1798.0
MORONA SANTIAGO,Gualaquiza,Urbana,2978,2441.0,79.0,27.0,8.0,229,106.0,88.0
MORONA SANTIAGO,Gualaquiza,Rural,3579,745.0,42.0,5.0,1.0,2017,35.0,734.0
MORONA SANTIAGO,Limón Indanza,Urbana,1244,874.0,17.0,7.0,4.0,257,46.0,39.0
MORONA SANTIAGO,Limón Indanza,Rural,1617,406.0,24.0,3.0,2.0,828,28.0,326.0
MORONA SANTIAGO,Palora,Urbana,1795,1390.0,30.0,7.0,8.0,174,108.0,78.0
MORONA SANTIAGO,Palora,Rural,1745,385.0,11.0,2.0,6.0,931,26.0,384.0
MORONA SANTIAGO,Santiago,Urbana,818,679.0,15.0,6.0,0.0,69,32.0,17.0
MORONA SANTIAGO,Santiago,Rural,2027,660.0,26.0,4.0,4.0,917,37.0,379.0
MORONA SANTIAGO,Sucúa,Urbana,3433,2677.0,73.0,18.0,6.0,438,104.0,117.0
MORONA SANTIAGO,Sucúa,Rural,3339,1028.0,80.0,5.0,1.0,1400,51.0,774.0
MORONA SANTIAGO,Huamboya,Urbana,405,288.0,6.0,2.0,3.0,69,19.0,18.0
MORONA SANTIAGO,Huamboya,Rural,2211,133.0,8.0,0.0,1.0,1322,9.0,738.0
MORONA SANTIAGO,San Juan Bosco,Urbana,503,416.0,6.0,2.0,1.0,48,18.0,12.0
MORONA SANTIAGO,San Juan Bosco,Rural,711,144.0,7.0,1.0,1.0,410,14.0,134.0
MORONA SANTIAGO,Taisha,Urbana,597,266.0,22.0,2.0,1.0,203,25.0,78.0
MORONA SANTIAGO,Taisha,Rural,4978,23.0,1.0,2.0,0.0,2160,3.0,2789.0
MORONA SANTIAGO,Logroño,Urbana,442,330.0,25.0,2.0,0.0,58,10.0,17.0
MORONA SANTIAGO,Logroño,Rural,1396,77.0,2.0,0.0,1.0,823,5.0,488.0
MORONA SANTIAGO,Pablo Sexto,Urbana,324,246.0,10.0,1.0,0.0,42,10.0,15.0
MORONA SANTIAGO,Pablo Sexto,Rural,306,51.0,7.0,0.0,0.0,147,6.0,95.0
MORONA SANTIAGO,Tiwintza,Urbana,370,158.0,2.0,2.0,1.0,149,20.0,38.0
MORONA SANTIAGO,Tiwintza,Rural,1919,59.0,3.0,1.0,0.0,1084,4.0,768.0
NAPO,Tena,Urbana,9610,7638.0,74.0,44.0,28.0,1002,519.0,305.0
NAPO,Tena,Rural,12084,2620.0,58.0,19.0,11.0,6616,207.0,2553.0
NAPO,Archidona,Urbana,2187,1431.0,23.0,6.0,14.0,439,106.0,168.0
NAPO,Archidona,Rural,5648,659.0,21.0,4.0,8.0,3593,59.0,1304.0
NAPO,El Chaco,Urbana,1405,1129.0,23.0,1.0,4.0,174,52.0,22.0
NAPO,El Chaco,Rural,1441,689.0,13.0,5.0,7.0,605,37.0,85.0
NAPO,Quijos,Urbana,622,531.0,19.0,5.0,5.0,22,28.0,12.0
NAPO,Quijos,Rural,1388,701.0,14.0,1.0,7.0,577,28.0,60.0
NAPO,Carlos Julio Arosemena Tola,Urbana,376,294.0,5.0,1.0,2.0,43,22.0,9.0
NAPO,Carlos Julio Arosemena Tola,Rural,854,334.0,5.0,0.0,1.0,387,19.0,108.0
PASTAZA,Pastaza,Urbana,10861,9015.0,110.0,51.0,19.0,1025,397.0,244.0
PASTAZA,Pastaza,Rural,12818,4676.0,113.0,33.0,12.0,5070,206.0,2708.0
PASTAZA,Mera,Urbana,272,211.0,5.0,0.0,8.0,34,7.0,7.0
PASTAZA,Mera,Rural,4137,2061.0,26.0,19.0,9.0,1477,89.0,456.0
PASTAZA,Santa Clara,Urbana,509,395.0,10.0,2.0,2.0,58,25.0,17.0
PASTAZA,Santa Clara,Rural,767,289.0,11.0,3.0,1.0,351,20.0,92.0
PASTAZA,Arajuno,Urbana,565,232.0,2.0,4.0,2.0,227,28.0,70.0
PASTAZA,Arajuno,Rural,1454,77.0,4.0,0.0,0.0,852,8.0,513.0
PICHINCHA,Distrito Metropolitano de Quito,Urbana,586919,531348.0,6484.0,6121.0,1515.0,20848,14474.0,6129.0
PICHINCHA,Distrito Metropolitano de Quito,Rural,286593,238462.0,3768.0,2798.0,1235.0,25706,7080.0,7544.0
PICHINCHA,Cayambe,Urbana,13362,11179.0,205.0,100.0,91.0,711,682.0,394.0
PICHINCHA,Cayambe,Rural,16678,8801.0,268.0,43.0,178.0,4030,473.0,2885.0
PICHINCHA,Mejía,Urbana,7019,6163.0,113.0,48.0,9.0,385,197.0,104.0
PICHINCHA,Mejía,Rural,22407,15786.0,667.0,88.0,87.0,3881,628.0,1270.0
PICHINCHA,Pedro Moncayo,Urbana,3850,2906.0,24.0,18.0,23.0,412,317.0,150.0
PICHINCHA,Pedro Moncayo,Rural,7692,4354.0,172.0,16.0,70.0,2048,228.0,804.0
PICHINCHA,Rumiñahui,Urbana,30118,27439.0,186.0,225.0,92.0,1303,634.0,239.0
PICHINCHA,Rumiñahui,Rural,3467,2651.0,99.0,12.0,31.0,464,79.0,131.0
PICHINCHA,San Miguel de los Bancos,Urbana,1599,1228.0,38.0,20.0,17.0,141,93.0,62.0
PICHINCHA,San Miguel de los Bancos,Rural,2465,1238.0,54.0,23.0,6.0,850,86.0,208.0
PICHINCHA,Pedro Vicente Maldonado,Urbana,2294,1800.0,59.0,10.0,9.0,234,131.0,51.0
PICHINCHA,Pedro Vicente Maldonado,Rural,2443,614.0,22.0,3.0,4.0,1423,40.0,337.0
PICHINCHA,Puerto Quito,Urbana,1283,987.0,33.0,14.0,3.0,141,71.0,34.0
PICHINCHA,Puerto Quito,Rural,6410,1766.0,86.0,22.0,14.0,3563,127.0,832.0
TUNGURAHUA,Ambato,Urbana,57750,51881.0,540.0,239.0,131.0,2640,1531.0,788.0
TUNGURAHUA,Ambato,Rural,58062,34523.0,594.0,148.0,530.0,12864,1339.0,8064.0
TUNGURAHUA,Baños de Agua Santa,Urbana,4519,3975.0,42.0,14.0,7.0,302,135.0,44.0
TUNGURAHUA,Baños de Agua Santa,Rural,2517,1550.0,33.0,5.0,3.0,760,53.0,113.0
TUNGURAHUA,Cevallos,Urbana,1212,1041.0,8.0,0.0,6.0,110,28.0,19.0
TUNGURAHUA,Cevallos,Rural,2123,1471.0,22.0,0.0,5.0,498,38.0,89.0
TUNGURAHUA,Mocha,Urbana,470,383.0,12.0,3.0,1.0,45,13.0,13.0
TUNGURAHUA,Mocha,Rural,1903,1182.0,21.0,2.0,9.0,537,32.0,120.0
TUNGURAHUA,Patate,Urbana,797,681.0,14.0,1.0,1.0,63,20.0,17.0
TUNGURAHUA,Patate,Rural,3640,1338.0,37.0,4.0,7.0,1832,30.0,392.0
TUNGURAHUA,Quero,Urbana,1001,778.0,12.0,4.0,5.0,124,41.0,37.0
TUNGURAHUA,Quero,Rural,5289,1983.0,63.0,1.0,37.0,2449,55.0,701.0
TUNGURAHUA,San Pedro de Pelileo,Urbana,3281,2765.0,34.0,10.0,9.0,243,121.0,99.0
TUNGURAHUA,San Pedro de Pelileo,Rural,15898,7575.0,154.0,26.0,62.0,6237,242.0,1602.0
TUNGURAHUA,Santiago de Píllaro,Urbana,3045,2641.0,49.0,11.0,10.0,224,36.0,74.0
TUNGURAHUA,Santiago de Píllaro,Rural,10450,4365.0,123.0,25.0,140.0,3783,96.0,1918.0
TUNGURAHUA,Tisaleo,Urbana,467,340.0,1.0,0.0,1.0,81,17.0,27.0
TUNGURAHUA,Tisaleo,Rural,3803,2107.0,28.0,7.0,23.0,1297,62.0,279.0
ZAMORA CHINCHIPE,Zamora,Urbana,5589,4674.0,50.0,58.0,22.0,453,175.0,157.0
ZAMORA CHINCHIPE,Zamora,Rural,3899,1511.0,61.0,38.0,6.0,1786,82.0,415.0
ZAMORA CHINCHIPE,Chinchipe,Urbana,1304,997.0,16.0,11.0,9.0,184,64.0,23.0
ZAMORA CHINCHIPE,Chinchipe,Rural,1801,344.0,5.0,2.0,5.0,1088,32.0,325.0
ZAMORA CHINCHIPE,Nangaritza,Urbana,713,549.0,14.0,5.0,3.0,73,52.0,17.0
ZAMORA CHINCHIPE,Nangaritza,Rural,998,284.0,6.0,5.0,2.0,527,17.0,157.0
ZAMORA CHINCHIPE,Yacuambi,Urbana,478,268.0,2.0,1.0,0.0,133,20.0,54.0
ZAMORA CHINCHIPE,Yacuambi,Rural,1357,333.0,14.0,8.0,2.0,636,37.0,327.0
ZAMORA CHINCHIPE,Yantzaza,Urbana,4065,2928.0,45.0,29.0,8.0,635,231.0,189.0
ZAMORA CHINCHIPE,Yantzaza,Rural,2850,935.0,35.0,5.0,0.0,1458,74.0,343.0
ZAMORA CHINCHIPE,El Pangui,Urbana,1714,1275.0,30.0,8.0,6.0,227,92.0,76.0
ZAMORA CHINCHIPE,El Pangui,Rural,2043,736.0,32.0,6.0,3.0,912,57.0,297.0
ZAMORA CHINCHIPE,Centinela del Cóndor,Urbana,918,705.0,22.0,3.0,2.0,99,54.0,33.0
ZAMORA CHINCHIPE,Centinela del Cóndor,Rural,1356,461.0,11.0,3.0,3.0,672,52.0,154.0
ZAMORA CHINCHIPE,Palanda,Urbana,715,496.0,5.0,0.0,10.0,107,65.0,32.0
ZAMORA CHINCHIPE,Palanda,Rural,1758,402.0,0.0,4.0,10.0,1018,46.0,278.0
ZAMORA CHINCHIPE,Paquisha,Urbana,462,319.0,8.0,4.0,8.0,75,26.0,22.0
ZAMORA CHINCHIPE,Paquisha,Rural,852,206.0,9.0,4.0,2.0,504,26.0,101.0
GALAPAGOS,San Cristóbal,Urbana,2432,2098.0,5.0,5.0,6.0,179,118.0,21.0
GALAPAGOS,San Cristóbal,Rural,316,164.0,2.0,1.0,4.0,119,4.0,22.0
GALAPAGOS,Isabela,Urbana,941,766.0,1.0,1.0,6.0,90,56.0,21.0
GALAPAGOS,Isabela,Rural,104,6.0,0.0,0.0,0.0,84,0.0,14.0
GALAPAGOS,Santa Cruz,Urbana,4465,3491.0,19.0,13.0,9.0,644,231.0,58.0
GALAPAGOS,Santa Cruz,Rural,1460,480.0,0.0,1.0,0.0,880,26.0,73.0
SUCUMBIOS,Lago Agrio,Urbana,17932,11783.0,272.0,121.0,40.0,3791,1027.0,898.0
SUCUMBIOS,Lago Agrio,Rural,14074,3843.0,144.0,33.0,17.0,7909,280.0,1848.0
SUCUMBIOS,Gonzalo Pizarro,Urbana,672,569.0,10.0,4.0,1.0,45,34.0,9.0
SUCUMBIOS,Gonzalo Pizarro,Rural,2268,920.0,80.0,4.0,2.0,889,36.0,337.0
SUCUMBIOS,Putumayo,Urbana,587,356.0,9.0,7.0,3.0,143,17.0,52.0
SUCUMBIOS,Putumayo,Rural,1956,177.0,10.0,1.0,2.0,1326,14.0,426.0
SUCUMBIOS,Shushufindi,Urbana,5141,3573.0,93.0,18.0,14.0,872,374.0,197.0
SUCUMBIOS,Shushufindi,Rural,9554,2668.0,109.0,17.0,44.0,5240,199.0,1277.0
SUCUMBIOS,Sucumbíos,Urbana,256,165.0,5.0,0.0,0.0,61,12.0,13.0
SUCUMBIOS,Sucumbíos,Rural,773,336.0,15.0,2.0,3.0,316,13.0,88.0
SUCUMBIOS,Cascales,Urbana,803,634.0,20.0,4.0,5.0,71,55.0,14.0
SUCUMBIOS,Cascales,Rural,2479,688.0,29.0,5.0,3.0,1313,39.0,402.0
SUCUMBIOS,Cuyabeno,Urbana,577,282.0,1.0,0.0,2.0,235,15.0,42.0
SUCUMBIOS,Cuyabeno,Rural,2011,394.0,11.0,2.0,1.0,1260,18.0,325.0
ORELLANA,Francisco de Orellana,Urbana,15731,11159.0,208.0,77.0,48.0,2567,864.0,808.0
ORELLANA,Francisco de Orellana,Rural,11250,1708.0,49.0,11.0,11.0,6764,128.0,2579.0
ORELLANA,Aguarico,Urbana,177,100.0,3.0,1.0,0.0,52,11.0,10.0
ORELLANA,Aguarico,Rural,1488,300.0,11.0,5.0,3.0,589,63.0,517.0
ORELLANA,La Joya de los Sachas,Urbana,5175,2456.0,39.0,14.0,10.0,2096,233.0,327.0
ORELLANA,La Joya de los Sachas,Rural,10045,1388.0,41.0,2.0,9.0,6963,111.0,1531.0
ORELLANA,Loreto,Urbana,1670,1021.0,22.0,7.0,6.0,368,114.0,132.0
ORELLANA,Loreto,Rural,5307,452.0,15.0,1.0,3.0,3134,58.0,1644.0
SANTO DOMINGO DE LOS TSACHILAS,Santo Domingo,Urbana,104675,72852.0,2218.0,1500.0,329.0,17345,4431.0,6000.0
SANTO DOMINGO DE LOS TSACHILAS,Santo Domingo,Rural,33037,7355.0,394.0,107.0,88.0,19652,452.0,4989.0
SANTO DOMINGO DE LOS TSACHILAS,La Concordia,Urbana,10799,5538.0,279.0,53.0,49.0,3154,363.0,1363.0
SANTO DOMINGO DE LOS TSACHILAS,La Concordia,Rural,4778,1008.0,44.0,12.0,9.0,2711,67.0,927.0
SANTA ELENA,Santa Elena,Urbana,15202,9607.0,128.0,60.0,490.0,1383,1130.0,2404.0
SANTA ELENA,Santa Elena,Rural,35690,16541.0,530.0,103.0,598.0,8164,2572.0,7182.0
SANTA ELENA,La Libertad,Urbana,30614,18026.0,568.0,161.0,1997.0,1702,2239.0,5921.0
SANTA ELENA,La Libertad,Rural,31,0.0,0.0,0.0,0.0,2,0.0,29.0
SANTA ELENA,Salinas,Urbana,10021,7064.0,233.0,69.0,108.0,653,1226.0,668.0
SANTA ELENA,Salinas,Rural,14374,7857.0,268.0,81.0,1091.0,879,1004.0,3194.0
